categories,id_event,latitude,longitude,participations
"('Architettura', 'Arredo', 'Arte', 'Product Design')",102,45.4515363,9.1619373,21
"('Altro', 'Installazioni', 'Tecnologia')",916,45.4515363,9.1619373,6
"('Architettura', 'Arredo', 'Arte', 'Bagno', 'Cucina', 'Esterni', 'Illuminazione', 'Installazioni', 'Materiali speciali', 'Product Design', 'Tecnologia')",1662,45.4515363,9.1619373,2
"('Product Design',)",1063,45.4689203,9.1991368,10
"('Arte', 'Installazioni')",1582,45.4850878,9.176209,3
"('Living', 'Product Design')",31,45.4850878,9.176209,24
"('Arte', 'Installazioni', 'Product Design')",1581,45.4850878,9.176209,8
"('Arredo', 'Arte', 'Conferenze, workshop', 'Product Design')",1386,45.4850878,9.176209,5
"('Altro', 'Architettura', 'Arredo', 'Cucina', 'Esterni', 'Illuminazione', 'Materiali speciali', 'Product Design')",565,45.4850878,9.176209,35
"('Architettura', 'Materiali speciali', 'Tecnologia')",624,45.4850878,9.176209,10
"('Arte', 'Product Design')",1047,45.4766103,9.1953404,9
"('Product Design',)",1107,45.4766103,9.1953404,16
"('Arte', 'Grafica', 'Installazioni', 'Party')",1590,45.465701,9.1716484,3
"('Arredo', 'Esterni', 'Moda', 'Illuminazione', 'Living', 'Product Design')",67,45.4498529,9.1798717,11
(),71,45.464932,9.199246,20
"('Materiali speciali', 'Tecnologia')",1247,45.464932,9.199246,6
"('Arredo', 'Conferenze, workshop')",1168,45.4645605,9.1880319,13
"('Arredo',)",1465,45.4645605,9.1880319,1
"('Moda',)",1504,45.4529518,9.1677228,2
"('Architettura', 'Arte', 'Installazioni', 'Product Design')",1113,45.4732053,9.1878519,2
"('Architettura', 'Arredo', 'Esterni', 'Living', 'Product Design')",877,45.4738657,9.2065545,11
"('Arte', 'Product Design')",1061,45.4639978,9.1674966,47
"('Arredo', 'Illuminazione', 'Living', 'Product Design')",920,45.4639978,9.1674966,2
"('Architettura', 'Materiali speciali', 'Product Design')",595,45.4753179,9.1851803,5
"('Moda', 'Giochi, giocattoli', 'Product Design')",1244,45.4669201,9.1954899,2
"('Arredo',)",1248,45.4644658,9.197994,15
"('Arredo', 'Arte', 'Esterni', 'Moda', 'Gioielli', 'Grafica', 'Illuminazione', 'Installazioni', 'Living', 'Materiali speciali', 'Product Design', 'Tecnologia')",1036,45.4515363,9.1619373,9
"('Moda', 'Gioielli')",1124,45.4529393,9.160143,7
"('Conferenze, workshop', 'Giochi, giocattoli', 'Grafica', 'Tecnologia')",1577,45.461758,9.209307,6
"('Conferenze, workshop',)",1610,45.461758,9.209307,3
"('Arte', 'Installazioni')",1570,45.461758,9.209307,2
"('Moda', 'Food & beverage', 'Living', 'Party')",1031,45.461758,9.209307,6
"('Arredo', 'Illuminazione')",1335,45.4828846,9.1834426,12
"('Architettura', 'Arte', 'Esterni', 'Installazioni')",80,45.47521,9.1859273,81
"('Architettura', 'Product Design')",793,45.47521,9.1859273,85
"('Architettura', 'Illuminazione', 'Installazioni', 'Product Design')",37,45.4667929,9.1990133,57
"('Architettura', 'Arredo', 'Bagno', 'Cucina', 'Grafica', 'Party', 'Product Design')",567,45.4523914,9.1668523,47
"('Installazioni',)",1454,45.4716661,9.2022398,22
"('Altro', 'Arredo', 'Cucina', 'Esterni', 'Installazioni', 'Materiali speciali', 'Product Design')",1137,45.4716661,9.2022398,20
"('Arredo', 'Arte')",57,45.4707437,9.196161,30
"('Conferenze, workshop', 'Cucina', 'Giochi, giocattoli', 'Grafica', 'Installazioni', 'Living', 'Product Design', 'Tecnologia')",1055,45.480204,9.22692,7
"('Arredo', 'Product Design')",1325,45.4539498,9.1589414,15
"('Moda', 'Grafica', 'Product Design', 'Tecnologia')",1609,45.4641611,9.1903357,7
"('Cucina',)",620,45.479739,9.1941237,20
"('Architettura', 'Installazioni', 'Materiali speciali')",1072,45.4618109,9.1867816,2
"('Arte', 'Illuminazione', 'Product Design')",1328,45.467021,9.19639,3
"('Arte', 'Living', 'Product Design')",89,45.4518696,9.156274,5
"('Arredo', 'Arte', 'Grafica')",47,45.4518696,9.156274,23
"('Arte', 'Grafica')",84,45.467151,9.200865,19
"('Moda',)",641,45.455059,9.167535,1
"('Architettura', 'Arredo', 'Arte', 'Gioielli', 'Installazioni', 'Living')",70,45.472363,9.185368,6
"('Architettura', 'Arredo', 'Arte', 'Installazioni', 'Product Design')",941,45.468873,9.202058,43
"('Product Design',)",1502,45.468873,9.202058,1
"('Product Design',)",1477,45.468873,9.202058,15
"('Architettura', 'Arredo', 'Living', 'Product Design')",909,45.468873,9.202058,9
"('Arredo', 'Gioielli', 'Illuminazione', 'Living', 'Product Design')",961,45.45149,9.1622615,14
"('Food & beverage',)",1492,45.453571,9.16987,13
"('Installazioni',)",924,45.486377,9.15784,14
"('Architettura', 'Arredo', 'Installazioni', 'Materiali speciali', 'Product Design', 'Tecnologia')",635,45.483938,9.243236,4
"('Arredo', 'Arte', 'Illuminazione', 'Installazioni', 'Product Design')",631,45.483938,9.243236,5
"('Arredo', 'Installazioni', 'Materiali speciali', 'Product Design')",940,45.483938,9.243236,6
"('Arredo', 'Illuminazione', 'Installazioni', 'Living', 'Product Design')",636,45.483938,9.243236,9
"('Architettura', 'Arredo', 'Grafica', 'Installazioni', 'Living')",637,45.483938,9.243236,10
"('Arredo', 'Cucina', 'Moda', 'Grafica', 'Living', 'Materiali speciali')",938,45.483938,9.243236,11
"('Altro', 'Installazioni', 'Living', 'Materiali speciali', 'Product Design')",885,45.483938,9.243236,1
"('Altro', 'Arredo', 'Installazioni', 'Product Design')",934,45.483938,9.243236,9
"('Arredo', 'Illuminazione', 'Installazioni', 'Living', 'Product Design')",1016,45.483938,9.243236,7
"('Arredo', 'Installazioni', 'Living', 'Materiali speciali', 'Product Design')",937,45.483938,9.243236,14
"('Arredo', 'Moda', 'Gioielli', 'Product Design')",1150,45.484253,9.244298,4
"('Architettura', 'Arredo', 'Arte', 'Living')",844,45.484253,9.244298,8
"('Architettura', 'Arte', 'Bagno', 'Food & beverage', 'Giochi, giocattoli', 'Gioielli', 'Product Design')",1212,45.484253,9.244298,6
"('Architettura', 'Arredo', 'Arte', 'Cucina', 'Moda', 'Food & beverage', 'Living', 'Party', 'Tecnologia')",848,45.484253,9.244298,1
"('Altro', 'Arredo', 'Arte', 'Illuminazione', 'Living', 'Product Design', 'Tecnologia')",1165,45.484253,9.244298,10
"('Conferenze, workshop',)",1546,45.472506,9.187719,2
"('Party', 'Product Design')",654,45.472506,9.187719,25
"('Conferenze, workshop', 'Giochi, giocattoli', 'Product Design')",655,45.472506,9.187719,12
"('Conferenze, workshop',)",1578,45.472506,9.187719,1
"('Food & beverage', 'Party')",1573,45.472506,9.187719,4
"('Architettura', 'Arredo', 'Product Design')",781,45.472506,9.187719,36
"('Food & beverage', 'Party')",1572,45.472506,9.187719,21
"('Arredo', 'Party')",1576,45.472506,9.187719,3
"('Bagno',)",1571,45.472506,9.187719,3
"('Arte',)",1115,45.472506,9.187719,12
"('Conferenze, workshop', 'Giochi, giocattoli')",673,45.472506,9.187719,1
"('Arte',)",1569,45.472506,9.187719,3
"('Moda',)",1548,45.474713,9.183705,2
"('Altro', 'Arredo', 'Bagno', 'Living', 'Product Design')",807,45.474713,9.183705,7
"('Food & beverage', 'Living', 'Product Design')",42,45.469365,9.188341,12
"('Arredo', 'Cucina', 'Food & beverage', 'Party', 'Product Design')",1411,45.460588,9.190227,14
"('Arredo', 'Moda', 'Installazioni')",839,45.467654,9.20036,5
"('Altro', 'Arte', 'Installazioni', 'Materiali speciali', 'Product Design', 'Tecnologia')",918,45.45149,9.162278,22
"('Illuminazione', 'Product Design')",1417,45.475142,9.18587,4
"('Living', 'Product Design')",827,45.475142,9.18587,49
"('Arte', 'Installazioni')",1301,45.4381541,9.2059908,1
"('Arte', 'Moda', 'Grafica', 'Materiali speciali', 'Party', 'Product Design')",1299,45.486574,9.186747,12
"('Altro', 'Architettura', 'Arredo', 'Arte', 'Materiali speciali', 'Product Design')",556,45.472474,9.193993,6
"('Altro', 'Architettura', 'Arredo', 'Living', 'Product Design')",794,45.472474,9.193993,16
"('Arte', 'Living', 'Materiali speciali', 'Party', 'Product Design')",1368,45.467043,9.195557,4
"('Architettura', 'Arredo')",1238,45.466195,9.206869,8
"('Architettura', 'Arredo', 'Arte', 'Illuminazione', 'Installazioni', 'Living', 'Product Design')",900,45.474479,9.186925,9
"('Altro', 'Arredo', 'Bagno', 'Giochi, giocattoli', 'Materiali speciali', 'Product Design')",1525,45.482529,9.244722,5
"('Altro', 'Arredo', 'Gioielli', 'Illuminazione', 'Product Design', 'Tecnologia')",1139,45.482529,9.244722,3
"('Moda', 'Gioielli', 'Product Design')",1195,45.482529,9.244722,3
"('Architettura', 'Conferenze, workshop')",1559,45.482529,9.244722,2
(),1560,45.482529,9.244722,1
"('Altro', 'Arredo', 'Conferenze, workshop', 'Cucina', 'Esterni', 'Moda', 'Food & beverage', 'Gioielli', 'Grafica', 'Illuminazione', 'Living', 'Materiali speciali', 'Party', 'Product Design')",73,45.482529,9.244722,22
"('Moda',)",1073,45.482529,9.244722,4
"('Arredo', 'Illuminazione', 'Living', 'Materiali speciali', 'Product Design', 'Tecnologia')",1531,45.482529,9.244722,1
"('Architettura', 'Arredo', 'Product Design')",906,45.482529,9.244722,1
"('Arredo', 'Arte', 'Grafica', 'Illuminazione', 'Installazioni', 'Living', 'Materiali speciali', 'Party', 'Product Design')",1637,45.482529,9.244722,2
"('Arredo', 'Grafica', 'Product Design')",1646,45.482529,9.244722,3
"('Architettura', 'Arredo', 'Installazioni', 'Materiali speciali', 'Product Design')",1019,45.471946,9.187845,10
"('Altro', 'Architettura', 'Arredo', 'Arte', 'Living', 'Materiali speciali', 'Product Design', 'Tecnologia')",592,45.465645,9.20262,7
"('Food & beverage', 'Installazioni', 'Party')",1348,45.450964,9.211446,17
"('Architettura', 'Arredo', 'Bagno', 'Cucina', 'Grafica', 'Materiali speciali', 'Product Design')",1568,45.450964,9.211446,3
"('Altro', 'Arredo', 'Moda', 'Gioielli', 'Illuminazione', 'Installazioni', 'Party')",1277,45.487337,9.188244,9
"('Gioielli',)",1630,45.487337,9.188244,1
"('Arredo', 'Arte', 'Grafica', 'Installazioni', 'Living', 'Product Design')",95,45.4514093,9.1620015,23
"('Arredo', 'Arte', 'Bagno', 'Conferenze, workshop', 'Esterni', 'Illuminazione', 'Installazioni', 'Living', 'Materiali speciali', 'Product Design')",69,45.4514093,9.1620015,32
"('Arredo',)",554,45.4514093,9.1620015,7
"('Architettura', 'Arredo', 'Esterni', 'Tecnologia')",1283,45.4514093,9.1620015,18
"('Cucina', 'Materiali speciali')",1160,45.471165,9.184103,14
"('Food & beverage', 'Installazioni', 'Party', 'Product Design', 'Tecnologia')",249,45.476782,9.21489,3
"('Party',)",1076,45.443333,9.185669,22
"('Arredo', 'Arte', 'Installazioni', 'Living', 'Materiali speciali', 'Product Design')",855,45.453694,9.162932,3
"('Moda', 'Product Design')",897,45.473158,9.209432,7
"('Product Design',)",638,45.473158,9.209432,3
"('Architettura', 'Arredo', 'Product Design')",846,45.473158,9.209432,20
"('Altro', 'Product Design', 'Tecnologia')",74,45.483171,9.242659,10
"('Arredo', 'Arte', 'Installazioni', 'Product Design')",1175,45.475417,9.20789,9
"('Architettura', 'Arredo', 'Living')",43,45.472395,9.185138,20
"('Arredo', 'Grafica', 'Living', 'Product Design')",767,45.472395,9.185138,39
"('Architettura', 'Arredo')",813,45.472395,9.185138,9
"('Arredo', 'Moda')",1619,45.463174,9.211163,2
"('Altro', 'Party')",1147,45.494598,9.182942,11
"('Architettura', 'Arredo', 'Conferenze, workshop', 'Esterni', 'Moda', 'Gioielli', 'Illuminazione', 'Living', 'Product Design')",1153,45.483804,9.243899,37
"('Altro', 'Architettura', 'Arredo', 'Arte', 'Living')",630,45.462987,9.182752,4
"('Altro', 'Architettura', 'Arredo', 'Arte', 'Living')",1199,45.462987,9.182752,3
"('Arredo', 'Arte', 'Moda', 'Living')",1219,45.475865,9.20332,4
"('Architettura', 'Arredo', 'Arte', 'Grafica', 'Product Design')",948,45.475865,9.20332,4
"('Arredo', 'Bagno', 'Cucina', 'Illuminazione', 'Installazioni', 'Living', 'Party')",1509,45.467622,9.21405,1
"('Arredo', 'Food & beverage', 'Installazioni', 'Product Design')",648,45.479663,9.184383,29
"('Arredo', 'Food & beverage', 'Living', 'Product Design')",1062,45.479663,9.184383,39
"('Product Design',)",1183,45.479663,9.184383,5
"('Bagno', 'Party', 'Product Design')",1093,45.472362,9.187842,6
"('Architettura', 'Arredo', 'Bagno', 'Conferenze, workshop', 'Party')",54,45.472362,9.187842,17
"('Architettura', 'Arredo', 'Bagno', 'Living')",783,45.472362,9.187842,10
"('Arredo', 'Product Design')",1039,45.475232,9.185867,1
"('Arte', 'Conferenze, workshop', 'Esterni', 'Installazioni')",681,45.484065,9.18846,4
"('Altro', 'Architettura', 'Esterni', 'Installazioni')",1307,45.466128,9.189982,7
"('Altro', 'Arredo', 'Installazioni')",75,45.490225,9.169327,18
"('Arredo', 'Moda')",1449,45.451209,9.160854,8
"('Arredo', 'Living', 'Product Design')",843,45.451209,9.160854,9
"('Altro', 'Architettura', 'Arredo', 'Arte', 'Bagno', 'Cucina', 'Esterni', 'Moda', 'Food & beverage', 'Gioielli', 'Grafica', 'Illuminazione', 'Installazioni', 'Living', 'Materiali speciali', 'Party', 'Product Design', 'Tecnologia')",1535,45.451209,9.160854,9
"('Altro', 'Installazioni', 'Materiali speciali', 'Tecnologia')",1340,45.451209,9.160854,5
"('Arredo', 'Illuminazione', 'Living', 'Materiali speciali', 'Product Design')",1250,45.451209,9.160854,8
"('Arredo', 'Arte', 'Installazioni', 'Living', 'Product Design')",573,45.451209,9.160854,7
"('Arredo', 'Arte', 'Moda', 'Gioielli', 'Illuminazione', 'Product Design')",864,45.451209,9.160854,10
"('Product Design',)",880,45.451209,9.160854,67
"('Arredo', 'Arte')",863,45.451209,9.160854,12
"('Arredo', 'Moda', 'Food & beverage', 'Giochi, giocattoli', 'Grafica', 'Installazioni')",1315,45.4826862,9.248967,32
(),1119,45.452497,9.181029,2
"('Architettura', 'Arredo', 'Cucina', 'Esterni', 'Installazioni', 'Living', 'Product Design')",601,45.472815,9.195072,11
"('Architettura', 'Arredo', 'Living', 'Product Design')",564,45.465952,9.200494,20
"('Arredo',)",1554,45.457715,9.184372,15
"('Illuminazione',)",550,45.465745,9.178904,14
"('Architettura', 'Installazioni')",552,45.465745,9.178904,34
"('Arredo', 'Arte', 'Materiali speciali')",1155,45.465745,9.178904,5
"('Arredo', 'Living')",107,45.465745,9.178904,13
"('Architettura', 'Installazioni', 'Product Design')",1408,45.465745,9.178904,18
"('Architettura', 'Arredo', 'Arte', 'Installazioni', 'Living', 'Materiali speciali', 'Product Design')",650,45.465745,9.178904,8
"('Architettura', 'Arredo', 'Installazioni', 'Living', 'Product Design')",954,45.463876,9.19761,2
"('Product Design',)",1394,45.469334,9.19972,2
"('Arredo', 'Arte', 'Installazioni', 'Materiali speciali')",1439,45.448722,9.1610106,7
"('Altro', 'Arte', 'Grafica', 'Materiali speciali')",251,45.46647,9.1811,10
"('Arredo', 'Living')",971,45.469334,9.19972,3
"('Altro', 'Architettura', 'Arredo', 'Arte', 'Conferenze, workshop', 'Grafica', 'Installazioni', 'Materiali speciali', 'Product Design', 'Tecnologia')",1309,45.484109,9.244187,11
"('Architettura', 'Arte', 'Installazioni')",1339,45.47208,9.173245,10
"('Tecnologia',)",1547,45.45157,9.16206,17
"('Arredo', 'Installazioni', 'Living', 'Product Design')",105,45.490994,9.18791,15
"('Architettura', 'Arredo', 'Arte')",541,45.46571,9.17133,47
"('Cucina', 'Food & beverage', 'Installazioni', 'Product Design')",852,45.48185,9.242586,5
"('Arredo', 'Moda', 'Installazioni', 'Product Design')",1044,45.5041898,9.1641302,1
"('Architettura', 'Arredo', 'Esterni', 'Moda', 'Food & beverage', 'Giochi, giocattoli', 'Grafica', 'Installazioni', 'Product Design', 'Tecnologia')",93,45.5041898,9.1641302,23
"('Arredo', 'Esterni', 'Product Design')",907,45.4768673,9.206343,6
"('Arredo', 'Arte', 'Grafica', 'Product Design')",935,45.4781325,9.2127824,7
"('Altro', 'Conferenze, workshop', 'Installazioni')",1034,45.4502961,9.1522507,13
"('Arte', 'Food & beverage', 'Installazioni', 'Party')",1122,45.4451534,9.1503078,13
"('Illuminazione', 'Installazioni', 'Party', 'Product Design')",905,45.4668428,9.1989684,37
"('Arte',)",1172,45.4688078,9.2016738,12
"('Installazioni', 'Materiali speciali')",677,45.4609234,9.1941229,9
"('Architettura', 'Arredo', 'Living')",1422,45.4609234,9.1941229,10
"('Altro', 'Installazioni', 'Tecnologia')",1473,45.4609234,9.1941229,3
"('Architettura', 'Conferenze, workshop', 'Party', 'Product Design')",1539,45.472325,9.1965441,1
"('Moda', 'Product Design')",1614,45.4521318,9.2142727,31
"('Arredo', 'Illuminazione', 'Living', 'Materiali speciali', 'Product Design', 'Tecnologia')",568,45.453655,9.1683854,12
"('Arredo', 'Product Design')",1208,45.453655,9.1683854,9
"('Arte', 'Moda', 'Grafica', 'Product Design')",1611,45.4646799,9.1907397,4
"('Architettura', 'Arredo', 'Illuminazione', 'Installazioni', 'Living')",247,45.4693805,9.1949662,13
"('Architettura', 'Arredo', 'Cucina', 'Grafica', 'Illuminazione', 'Installazioni', 'Living', 'Materiali speciali', 'Product Design')",246,45.4810742,9.1711028,27
"('Bagno', 'Party', 'Product Design')",44,45.4707128,9.1829555,35
"('Arredo', 'Bagno', 'Product Design')",693,45.4707128,9.1829555,56
"('Cucina', 'Food & beverage', 'Product Design')",83,45.4520215,9.1833804,10
"('Arredo', 'Cucina')",1082,45.4513899,9.1722321,14
"('Bagno',)",883,45.466914,9.1995682,8
"('Bagno',)",1162,45.466914,9.1995682,2
"('Arredo', 'Installazioni', 'Living')",572,45.466203,9.2004087,1
"('Architettura', 'Arredo', 'Arte', 'Gioielli', 'Illuminazione', 'Installazioni', 'Product Design')",996,45.4762407,9.2051715,8
"('Architettura', 'Arredo', 'Arte', 'Food & beverage', 'Gioielli', 'Grafica', 'Illuminazione', 'Installazioni', 'Materiali speciali', 'Product Design', 'Tecnologia')",1118,45.4762407,9.2051715,4
"('Arredo', 'Arte', 'Bagno', 'Installazioni', 'Party', 'Product Design', 'Tecnologia')",52,45.4638346,9.1984041,26
"('Architettura', 'Arredo', 'Arte', 'Moda', 'Grafica', 'Living', 'Product Design')",933,45.4724167,9.2107718,3
"('Arredo', 'Moda', 'Living', 'Product Design')",549,45.4753874,9.185339,40
"('Altro', 'Arredo', 'Living')",771,45.4753874,9.185339,39
"('Architettura', 'Arredo', 'Arte', 'Bagno', 'Cucina', 'Moda', 'Living', 'Product Design')",649,45.4758746,9.1873828,9
"('Arredo',)",879,45.4758746,9.1873828,5
"('Architettura', 'Arredo', 'Bagno', 'Cucina', 'Esterni', 'Living', 'Product Design')",774,45.4758746,9.1873828,20
"('Architettura', 'Arredo', 'Bagno', 'Conferenze, workshop', 'Cucina', 'Esterni', 'Installazioni', 'Living', 'Materiali speciali', 'Party', 'Product Design', 'Tecnologia')",913,45.4758746,9.1873828,4
"('Party', 'Product Design', 'Tecnologia')",1369,45.4587901,9.1768686,6
"('Installazioni', 'Tecnologia')",634,45.4717346,9.1850194,31
"('Arte', 'Illuminazione', 'Living', 'Tecnologia')",758,45.4717346,9.1850194,65
"('Materiali speciali', 'Product Design')",1404,45.478488,9.1885166,20
"('Altro', 'Architettura', 'Arredo', 'Arte', 'Bagno', 'Esterni', 'Living', 'Product Design')",812,45.478488,9.1885166,34
"('Arredo', 'Illuminazione', 'Living', 'Product Design')",36,45.4789911,9.1790435,49
"('Giochi, giocattoli', 'Product Design')",1041,45.483798,9.174087,2
"('Food & beverage', 'Product Design', 'Tecnologia')",866,45.4788808,9.242973,15
"('Cucina', 'Food & beverage')",873,45.4788808,9.242973,53
"('Architettura', 'Arte', 'Esterni', 'Installazioni', 'Living', 'Materiali speciali', 'Product Design', 'Tecnologia')",968,45.4840408,9.2434883,12
"('Altro', 'Architettura', 'Esterni', 'Installazioni', 'Materiali speciali', 'Product Design')",1014,45.4840408,9.2434883,19
"('Arredo', 'Illuminazione', 'Installazioni', 'Living', 'Product Design', 'Tecnologia')",632,45.4840408,9.2434883,33
"('Arredo',)",1143,45.4841916,9.2448054,3
"('Product Design',)",1013,45.4841916,9.2448054,30
"('Altro', 'Arredo', 'Grafica', 'Illuminazione', 'Living', 'Materiali speciali', 'Product Design', 'Tecnologia')",1156,45.4841916,9.2448054,13
"('Arredo', 'Installazioni')",850,45.4841916,9.2448054,3
"('Altro', 'Installazioni', 'Tecnologia')",959,45.4838791,9.2439323,4
"('Arredo', 'Living', 'Product Design')",1224,45.4816634,9.2461217,12
"('Installazioni', 'Tecnologia')",1592,45.4816634,9.2461217,11
"('Arredo', 'Living', 'Product Design')",1289,45.4816634,9.2461217,7
"('Altro', 'Arredo', 'Arte', 'Illuminazione', 'Living', 'Materiali speciali', 'Party', 'Product Design')",25,45.4816634,9.2461217,29
"('Altro', 'Architettura', 'Arredo', 'Grafica', 'Illuminazione', 'Installazioni', 'Living', 'Materiali speciali', 'Product Design', 'Tecnologia')",1064,45.4816634,9.2461217,32
"('Esterni', 'Product Design')",604,45.4693909,9.1868108,4
"('Esterni', 'Installazioni', 'Product Design')",1360,45.4906783,9.2207239,6
"('Altro', 'Architettura', 'Arredo', 'Conferenze, workshop', 'Cucina', 'Esterni', 'Living', 'Materiali speciali', 'Product Design', 'Tecnologia')",973,45.4811105,9.1559544,2
"('Architettura', 'Arredo', 'Bagno', 'Conferenze, workshop', 'Cucina', 'Esterni', 'Installazioni', 'Living', 'Materiali speciali', 'Product Design', 'Tecnologia')",580,45.4811105,9.1559544,4
"('Cucina',)",1161,45.4724338,9.2101802,10
"('Architettura', 'Arredo', 'Bagno', 'Living')",949,45.4702151,9.2070581,1
"('Arte', 'Moda', 'Gioielli', 'Party')",96,45.4529404,9.1666802,12
"('Arte', 'Bagno', 'Installazioni', 'Materiali speciali', 'Party', 'Product Design')",1616,45.453617,9.1593196,6
"('Bagno',)",867,45.4750096,9.1870127,12
"('Arredo', 'Living')",99,45.4683816,9.1958373,9
"('Conferenze, workshop', 'Illuminazione')",1179,45.4714509,9.1844023,1
"('Architettura', 'Arredo', 'Cucina', 'Materiali speciali')",1141,45.4627515,9.1939428,22
"('Arredo', 'Arte', 'Gioielli', 'Illuminazione')",874,45.4542644,9.167437,2
"('Architettura', 'Arredo', 'Grafica', 'Product Design')",1583,45.4513327,9.203064,5
"('Arte', 'Illuminazione', 'Product Design')",838,45.482237,9.240127,10
"('Arredo', 'Product Design')",1094,45.482237,9.240127,5
"('Altro', 'Food & beverage')",1607,45.482237,9.240127,6
"('Architettura', 'Arredo', 'Arte', 'Moda', 'Food & beverage', 'Illuminazione', 'Installazioni', 'Living', 'Materiali speciali', 'Party', 'Product Design', 'Tecnologia')",1627,45.482237,9.240127,5
"('Arte', 'Moda', 'Food & beverage', 'Grafica', 'Installazioni', 'Materiali speciali')",1625,45.482237,9.240127,3
"('Altro', 'Arte', 'Gioielli', 'Product Design')",82,45.4723771,9.1829,8
"('Architettura', 'Arredo', 'Arte', 'Illuminazione', 'Installazioni', 'Living', 'Product Design', 'Tecnologia')",894,45.480216,9.2028765,22
"('Arte', 'Installazioni', 'Product Design')",1054,45.4668418,9.1989609,6
"('Arredo', 'Living')",1564,45.467465,9.2004317,1
"('Altro', 'Arredo', 'Arte', 'Moda', 'Gioielli')",1126,45.452551,9.1651877,5
"('Architettura', 'Giochi, giocattoli', 'Installazioni')",1003,45.4577689,9.1720783,3
"('Altro', 'Product Design')",851,45.4759904,9.2070601,6
"('Arredo', 'Food & beverage', 'Living', 'Party', 'Product Design')",1311,45.4836427,9.1719997,4
"('Altro', 'Arte', 'Food & beverage', 'Gioielli', 'Installazioni')",1092,45.4559494,9.162599,3
"('Architettura', 'Arredo', 'Living', 'Product Design')",77,45.4778411,9.1881534,23
"('Architettura', 'Arredo', 'Bagno', 'Cucina', 'Esterni', 'Materiali speciali', 'Product Design')",747,45.4778411,9.1881534,11
"('Arredo', 'Conferenze, workshop', 'Grafica', 'Product Design', 'Tecnologia')",1320,45.4505316,9.1572246,5
"('Altro', 'Arte', 'Party', 'Product Design')",1042,45.49436,9.1866602,4
"('Arredo', 'Materiali speciali', 'Party')",1069,45.46863,9.2042,5
"('Arredo', 'Arte', 'Cucina', 'Moda', 'Food & beverage', 'Gioielli', 'Party')",892,45.4803653,9.1874776,40
"('Arte',)",1217,45.456442,9.1688119,4
"('Gioielli', 'Product Design')",609,45.4617604,9.1824403,5
"('Product Design',)",1374,45.4617604,9.1824403,6
"('Arte', 'Materiali speciali', 'Product Design')",1641,45.4617604,9.1824403,12
"('Materiali speciali',)",986,45.453714,9.1627682,8
"('Altro', 'Arte', 'Installazioni', 'Product Design')",943,45.4791737,9.2031939,6
"('Altro', 'Arte', 'Gioielli')",950,45.4748344,9.2076002,2
"('Architettura', 'Arredo', 'Bagno', 'Esterni', 'Installazioni', 'Living', 'Product Design')",956,45.470036,9.1823429,4
"('Arte', 'Grafica')",1329,45.4566875,9.1842856,5
"('Food & beverage', 'Party', 'Product Design')",1128,45.4566875,9.1842856,12
"('Architettura', 'Arredo', 'Arte', 'Installazioni', 'Living', 'Product Design')",899,45.47319,9.19001,6
"('Arredo', 'Arte', 'Party', 'Product Design')",1271,45.4733569,9.1949261,7
"('Illuminazione',)",1496,45.45488,9.19896,8
"('Arredo', 'Living', 'Product Design')",569,45.4729501,9.2063767,19
"('Moda',)",644,45.4753874,9.185339,16
"('Architettura', 'Arredo', 'Arte', 'Bagno', 'Cucina', 'Living', 'Materiali speciali', 'Product Design')",1606,45.45772,9.20723,2
"('Arte', 'Moda')",1513,45.467112,9.2007965,4
"('Architettura', 'Arredo', 'Arte', 'Conferenze, workshop', 'Cucina', 'Moda', 'Food & beverage', 'Party', 'Tecnologia')",1008,45.4524797,9.1669884,33
"('Architettura', 'Arredo', 'Living', 'Party', 'Product Design')",1006,45.4524797,9.1669884,2
"('Arte', 'Installazioni')",1095,45.4795229,9.2426978,4
"('Arredo', 'Esterni')",1249,45.4722803,9.1849639,4
"('Architettura', 'Arredo', 'Cucina', 'Moda', 'Product Design')",248,45.4715179,9.1907218,9
"('Architettura', 'Cucina', 'Moda', 'Product Design')",734,45.4715179,9.1907218,24
"('Arredo', 'Product Design')",62,45.462751,9.1939772,35
"('Arredo', 'Cucina', 'Installazioni', 'Party', 'Product Design')",63,45.462751,9.1939772,15
"('Product Design',)",645,45.4717874,9.1956323,5
"('Altro', 'Arredo', 'Installazioni', 'Living', 'Product Design', 'Tecnologia')",1129,45.4622644,9.183442,4
(),642,45.4700004,9.1970196,4
"('Arredo', 'Gioielli', 'Illuminazione', 'Party')",1480,45.467465,9.2004317,2
"('Bagno', 'Product Design')",1176,45.4515503,9.1616272,15
"('Architettura', 'Arredo', 'Installazioni', 'Materiali speciali', 'Product Design')",994,45.4515503,9.1616272,22
"('Arredo', 'Arte', 'Installazioni')",537,45.4580971,9.1789338,10
"('Altro', 'Arredo')",58,45.4953034,9.1750311,32
"('Arredo', 'Arte', 'Moda', 'Gioielli', 'Materiali speciali', 'Product Design')",1608,45.4510205,9.2035493,1
"('Arredo', 'Grafica', 'Installazioni', 'Product Design')",678,45.490243,9.222546,9
"('Food & beverage', 'Product Design')",1588,45.4733569,9.1949261,4
"('Architettura', 'Arredo', 'Arte', 'Conferenze, workshop', 'Food & beverage', 'Grafica', 'Installazioni', 'Party')",26,45.4615371,9.1746068,90
"('Arredo', 'Bagno', 'Cucina', 'Living', 'Product Design')",27,45.4773522,9.1486322,25
"('Architettura', 'Bagno', 'Product Design')",30,45.4727679,9.1864055,68
"('Arredo', 'Bagno', 'Living', 'Party', 'Product Design')",1245,45.4727679,9.1864055,10
"('Installazioni', 'Party')",65,45.4689101,9.1981491,16
"('Architettura', 'Arredo', 'Cucina', 'Materiali speciali', 'Product Design')",33,45.4741986,9.1870616,42
"('Materiali speciali',)",886,45.4741986,9.1870616,6
"('Arredo', 'Living')",35,45.4695003,9.2000552,20
"('Architettura', 'Bagno', 'Product Design')",38,45.4525006,9.2090347,28
"('Architettura', 'Arredo', 'Bagno', 'Product Design')",1398,45.4525006,9.2090347,5
"('Arte', 'Moda', 'Party')",41,45.4581104,9.1858156,12
"('Esterni', 'Living', 'Product Design')",45,45.4696061,9.18812,16
"('Arte', 'Grafica')",46,45.4524451,9.1483884,51
"('Arte', 'Grafica')",1376,45.4524451,9.1483884,30
"('Arredo', 'Arte', 'Moda', 'Living', 'Materiali speciali', 'Party', 'Product Design')",49,45.4627001,9.1832805,19
"('Cucina', 'Product Design', 'Tecnologia')",50,45.453146,9.1669629,54
"('Product Design',)",591,45.453146,9.1669629,81
"('Altro', 'Arredo')",56,45.4552199,9.195673,11
"('Architettura', 'Arredo', 'Arte', 'Food & beverage', 'Illuminazione', 'Party', 'Product Design')",48,45.4630186,9.196327,28
"('Arredo',)",91,45.4703568,9.183691,30
"('Arredo',)",1276,45.4601863,9.1888088,3
"('Architettura', 'Arredo', 'Arte', 'Food & beverage', 'Illuminazione', 'Installazioni', 'Materiali speciali')",59,45.462405,9.221707,36
"('Moda', 'Installazioni', 'Party')",53,45.5011511,9.1380724,2
"('Arredo', 'Arte', 'Installazioni')",60,45.4690942,9.1828492,9
"('Architettura', 'Arredo', 'Installazioni', 'Product Design')",61,45.4690942,9.1828492,6
"('Arte', 'Installazioni')",66,45.4823348,9.1762564,14
"('Arredo', 'Esterni')",68,45.460411,9.1646112,15
"('Arredo', 'Product Design')",76,45.45342,9.1648,10
"('Architettura', 'Arte', 'Product Design')",78,45.4786311,9.1884622,34
"('Architettura', 'Arte', 'Product Design')",687,45.4786311,9.1884622,23
"('Architettura', 'Arte', 'Esterni')",81,45.441546,9.1758337,16
"('Product Design',)",85,45.4547624,9.1783167,13
"('Arredo', 'Arte', 'Moda', 'Gioielli', 'Illuminazione', 'Installazioni', 'Living', 'Product Design')",555,45.45293,9.16657,7
"('Arredo', 'Moda', 'Giochi, giocattoli', 'Gioielli', 'Grafica', 'Illuminazione', 'Installazioni', 'Product Design')",86,45.5041888,9.1668995,23
"('Altro', 'Arte', 'Bagno', 'Installazioni', 'Living', 'Party')",87,45.456793,9.183733,20
"('Arredo', 'Arte', 'Installazioni')",88,45.4822096,9.1817989,10
"('Gioielli',)",90,45.4686382,9.1915023,10
"('Moda', 'Gioielli', 'Illuminazione', 'Product Design')",92,45.4513737,9.1722148,16
"('Arte', 'Food & beverage', 'Installazioni')",563,45.4612081,9.1894439,19
"('Bagno', 'Cucina', 'Moda', 'Food & beverage', 'Giochi, giocattoli', 'Installazioni', 'Party', 'Product Design')",244,45.4711537,9.1935898,14
"('Architettura', 'Arredo', 'Arte', 'Grafica', 'Installazioni')",97,45.4714948,9.1847113,9
"('Moda', 'Product Design')",98,45.4519189,9.1818401,16
"('Arredo', 'Arte', 'Moda', 'Gioielli', 'Product Design')",597,45.4788536,9.1872861,4
"('Gioielli',)",1632,45.4788536,9.1872861,1
"('Architettura', 'Arredo', 'Arte', 'Grafica', 'Living', 'Product Design')",1091,45.4474303,9.1736061,8
"('Architettura', 'Installazioni', 'Product Design')",110,45.47051,9.18451,35
"('Altro', 'Arredo', 'Conferenze, workshop', 'Cucina', 'Food & beverage', 'Illuminazione', 'Living', 'Materiali speciali', 'Party', 'Product Design', 'Tecnologia')",1468,45.4806413,9.1940049,6
"('Arredo', 'Living')",250,45.4649416,9.1983047,8
"('Installazioni',)",619,45.4743933,9.1886534,25
(),653,45.4743933,9.1886534,5
"('Architettura', 'Conferenze, workshop', 'Installazioni', 'Materiali speciali', 'Product Design', 'Tecnologia')",252,45.4832332,9.1817368,11
"('Conferenze, workshop', 'Living')",253,45.4648811,9.1991304,6
"('Installazioni',)",618,45.460366,9.1939856,8
"('Architettura', 'Arte', 'Food & beverage', 'Installazioni', 'Product Design')",1187,45.460366,9.1939856,6
"('Arredo', 'Arte')",536,45.470357,9.182224,2
"('Architettura', 'Arredo', 'Moda', 'Gioielli', 'Living', 'Product Design')",808,45.470357,9.182224,8
"('Arredo', 'Product Design')",538,45.4594298,9.1927109,7
(),1100,45.4754241,9.1845611,2
"('Arredo', 'Grafica', 'Materiali speciali', 'Product Design')",1138,45.4754241,9.1845611,10
"('Arredo', 'Product Design')",539,45.4754241,9.1845611,18
"('Arredo', 'Grafica', 'Installazioni', 'Living', 'Materiali speciali', 'Product Design')",1184,45.4754241,9.1845611,8
"('Altro', 'Esterni', 'Installazioni', 'Living')",540,45.4538427,9.1681537,4
"('Gioielli',)",547,45.4596752,9.17983,7
"('Arredo', 'Arte')",551,45.4842198,9.2155488,13
"('Architettura', 'Arredo', 'Arte', 'Esterni', 'Grafica', 'Living', 'Materiali speciali', 'Product Design', 'Tecnologia')",893,45.4642902,9.1990275,1
"('Architettura', 'Arredo', 'Arte', 'Grafica', 'Illuminazione', 'Installazioni', 'Materiali speciali', 'Product Design')",561,45.4451977,9.1777308,17
"('Arredo', 'Arte', 'Product Design')",611,45.4521113,9.1747567,2
"('Arte', 'Grafica', 'Product Design')",560,45.4521113,9.1747567,12
"('Altro', 'Architettura', 'Arredo', 'Arte', 'Conferenze, workshop', 'Cucina', 'Esterni', 'Moda', 'Food & beverage', 'Gioielli', 'Grafica', 'Illuminazione', 'Installazioni', 'Living', 'Party', 'Product Design', 'Tecnologia')",562,45.4485928,9.2001141,83
"('Architettura', 'Arredo', 'Conferenze, workshop', 'Food & beverage', 'Gioielli', 'Illuminazione', 'Party', 'Tecnologia')",1149,45.4485928,9.2001141,13
"('Architettura', 'Arredo', 'Arte', 'Bagno', 'Esterni', 'Gioielli', 'Illuminazione', 'Installazioni', 'Living', 'Party')",571,45.4814255,9.1882961,15
"('Arredo', 'Illuminazione', 'Living', 'Product Design')",570,45.4688533,9.1782323,3
"('Moda', 'Illuminazione', 'Product Design')",575,45.4763843,9.1875221,3
"('Arredo', 'Living', 'Product Design')",574,45.4714209,9.2065283,6
"('Installazioni',)",928,45.4507024,9.1579861,8
"('Arredo',)",576,45.4507024,9.1579861,74
"('Architettura', 'Arredo', 'Installazioni', 'Living', 'Product Design')",639,45.482765,9.1785474,4
"('Arredo', 'Arte', 'Bagno', 'Cucina', 'Living', 'Materiali speciali', 'Product Design')",602,45.4636378,9.1960243,2
"('Architettura', 'Arredo', 'Arte', 'Bagno', 'Installazioni', 'Living', 'Product Design', 'Tecnologia')",1367,45.468284,9.1775058,3
"('Arredo', 'Illuminazione', 'Installazioni', 'Living', 'Product Design')",605,45.4737416,9.1840212,15
"('Installazioni',)",997,45.4566813,9.2022087,2
"('Altro', 'Arte', 'Product Design')",607,45.4876229,9.1859913,2
"('Altro', 'Architettura', 'Bagno', 'Cucina')",616,45.4720865,9.1861892,6
"('Architettura', 'Arredo', 'Cucina', 'Living', 'Product Design')",902,45.4720865,9.1861892,6
"('Arredo', 'Arte', 'Illuminazione', 'Party', 'Product Design')",617,45.46658,9.15128,23
"('Arredo', 'Illuminazione', 'Living')",621,45.4840274,9.2446911,11
"('Arredo', 'Arte', 'Product Design')",627,45.4664503,9.1979701,6
(),640,45.4804748,9.1970691,4
"('Arredo', 'Arte', 'Moda', 'Food & beverage', 'Giochi, giocattoli', 'Grafica', 'Illuminazione', 'Living', 'Materiali speciali', 'Party', 'Product Design')",643,45.4813259,9.1899993,9
"('Arredo', 'Bagno', 'Party')",603,45.4463383,9.1527811,19
"('Architettura', 'Arte', 'Conferenze, workshop', 'Grafica', 'Product Design', 'Tecnologia')",647,45.4552079,9.1676746,2
"('Arredo', 'Cucina', 'Illuminazione', 'Living', 'Product Design')",651,45.4553399,9.1680979,3
"('Illuminazione', 'Product Design')",1104,45.4553399,9.1680979,2
"('Altro', 'Arredo', 'Arte', 'Food & beverage', 'Grafica', 'Installazioni', 'Party', 'Product Design')",837,45.4810647,9.2219464,17
"('Arredo', 'Bagno')",836,45.4625196,9.1941359,8
"('Architettura', 'Arredo', 'Arte')",660,45.45293,9.16657,11
"('Arredo', 'Arte', 'Illuminazione', 'Product Design')",675,45.459032,9.18114,9
"('Arredo',)",1058,45.459032,9.18114,6
"('Arredo', 'Arte', 'Moda', 'Food & beverage')",1628,45.459032,9.18114,8
"('Architettura', 'Arredo', 'Arte', 'Esterni', 'Illuminazione', 'Installazioni', 'Living', 'Product Design')",841,45.4593854,9.1651919,1
"('Arredo', 'Cucina', 'Party')",680,45.4797938,9.1937801,21
"('Arredo',)",676,45.4716489,9.1945804,3
"('Arredo', 'Arte', 'Installazioni', 'Living', 'Product Design')",679,45.4921778,9.2248614,21
"('Arredo', 'Arte', 'Materiali speciali', 'Product Design')",835,45.4639743,9.1975533,3
"('Moda',)",840,45.4652946,9.19373,11
"('Architettura', 'Arredo', 'Installazioni', 'Product Design')",842,45.4640853,9.1804433,1
"('Food & beverage',)",849,45.4762036,9.2077365,22
"('Arte', 'Installazioni')",847,45.4754449,9.1870737,11
"('Architettura', 'Bagno', 'Cucina', 'Esterni', 'Food & beverage', 'Materiali speciali', 'Tecnologia')",967,45.4632297,9.1944874,11
"('Arredo', 'Gioielli', 'Product Design')",1200,45.4524972,9.1642715,3
"('Moda', 'Food & beverage', 'Living', 'Party')",1032,45.4524972,9.1642715,24
"('Arredo', 'Arte', 'Gioielli', 'Product Design')",1499,45.4524972,9.1642715,2
"('Arte', 'Conferenze, workshop', 'Grafica')",1512,45.4524972,9.1642715,1
"('Altro', 'Conferenze, workshop')",1542,45.4524972,9.1642715,13
"('Installazioni',)",856,45.4524972,9.1642715,66
"('Product Design', 'Tecnologia')",1377,45.4524972,9.1642715,114
"('Arredo', 'Arte', 'Moda', 'Installazioni')",858,45.4763672,9.2066924,8
"('Architettura', 'Arredo', 'Bagno', 'Installazioni', 'Living', 'Party')",862,45.4810115,9.2012835,15
"('Arredo', 'Arte', 'Esterni', 'Food & beverage', 'Grafica', 'Installazioni', 'Party', 'Product Design')",923,45.4564844,9.1731991,9
"('Architettura', 'Arredo', 'Arte', 'Food & beverage', 'Grafica', 'Illuminazione', 'Installazioni', 'Living', 'Materiali speciali', 'Product Design')",869,45.47243,9.18837,3
"('Altro', 'Architettura', 'Arredo', 'Arte', 'Conferenze, workshop', 'Esterni', 'Installazioni', 'Living', 'Materiali speciali', 'Party', 'Product Design')",865,45.4694495,9.124017,11
"('Architettura', 'Arredo', 'Esterni', 'Installazioni', 'Materiali speciali', 'Party', 'Product Design')",898,45.4571592,9.2162086,8
"('Product Design',)",871,45.4728264,9.1867588,1
"('Moda', 'Grafica', 'Product Design')",861,45.4746722,9.205376,42
"('Architettura', 'Arredo', 'Installazioni', 'Living', 'Product Design')",875,45.4632698,9.1977634,12
"('Illuminazione', 'Tecnologia')",859,45.4611455,9.1808102,31
"('Arredo', 'Illuminazione', 'Installazioni', 'Living', 'Party', 'Product Design', 'Tecnologia')",881,45.4649006,9.2012103,9
"('Arredo', 'Product Design')",884,45.474802,9.1835085,2
"('Arredo', 'Living', 'Product Design')",889,45.4563688,9.1888804,24
"('Arredo',)",1164,45.473627,9.1852037,9
"('Arredo',)",1163,45.4732132,9.1837136,9
"('Arredo', 'Cucina', 'Living')",803,45.4732132,9.1837136,6
"('Cucina', 'Esterni', 'Party', 'Product Design')",1629,45.4732132,9.1837136,2
"('Altro', 'Architettura', 'Arredo', 'Arte', 'Esterni', 'Moda', 'Living', 'Materiali speciali', 'Party', 'Product Design', 'Tecnologia')",908,45.4571734,9.1751148,2
"('Architettura', 'Arredo', 'Food & beverage')",896,45.4793217,9.1776496,5
"('Arredo', 'Bagno', 'Product Design')",1084,45.4722478,9.1838583,6
"('Altro', 'Arredo', 'Cucina', 'Food & beverage', 'Illuminazione', 'Living', 'Product Design')",910,45.4543922,9.1674787,41
"('Arredo', 'Grafica', 'Materiali speciali', 'Product Design', 'Tecnologia')",646,45.4564056,9.1663507,5
"('Arredo', 'Product Design')",911,45.4514123,9.171053,3
"('Arte',)",912,45.4749553,9.2090486,4
"('Altro', 'Architettura', 'Arredo', 'Conferenze, workshop', 'Giochi, giocattoli', 'Grafica', 'Illuminazione', 'Installazioni', 'Materiali speciali', 'Party', 'Product Design', 'Tecnologia')",915,45.4480315,9.1686233,13
"('Arte', 'Grafica', 'Installazioni', 'Tecnologia')",914,45.4419104,9.1997828,16
"('Food & beverage', 'Product Design')",917,45.4523279,9.160205,5
"('Altro',)",921,45.4528105,9.1748318,1
"('Arredo', 'Arte', 'Moda', 'Gioielli', 'Product Design')",992,45.4751997,9.2208749,4
"('Arredo', 'Cucina', 'Food & beverage', 'Living', 'Product Design')",922,45.4434484,9.1764234,4
"('Installazioni',)",925,45.4681602,9.1617813,6
"('Installazioni',)",926,45.4804133,9.1607552,1
"('Installazioni',)",927,45.4670291,9.1533346,3
"('Illuminazione', 'Living')",929,45.4729769,9.1949606,1
"('Arte', 'Installazioni', 'Product Design')",931,45.4758725,9.1705355,3
"('Architettura', 'Arredo', 'Esterni', 'Product Design')",932,45.4598431,9.1745416,8
"('Architettura', 'Arredo', 'Bagno', 'Cucina', 'Esterni', 'Living', 'Party', 'Product Design')",936,45.4660618,9.1664255,8
"('Architettura', 'Arredo', 'Arte', 'Installazioni', 'Product Design')",939,45.4544971,9.1958505,2
"('Architettura', 'Arredo', 'Arte', 'Conferenze, workshop', 'Grafica', 'Living', 'Product Design', 'Tecnologia')",1001,45.4922181,9.1888966,31
"('Altro', 'Arredo', 'Moda', 'Gioielli', 'Illuminazione')",951,45.4742205,9.2099112,3
"('Architettura', 'Arredo', 'Cucina', 'Product Design')",952,45.45121,9.16084,8
"('Architettura', 'Arredo', 'Arte', 'Grafica', 'Living', 'Product Design')",1274,45.4721421,9.1830147,4
"('Altro', 'Arredo', 'Illuminazione', 'Product Design')",741,45.4721421,9.1830147,11
"('Arte', 'Cucina', 'Food & beverage')",953,45.4749238,9.2102865,15
"('Bagno', 'Living', 'Party', 'Product Design')",1451,45.4730412,9.186466,11
"('Arredo', 'Bagno', 'Materiali speciali', 'Party', 'Product Design')",1415,45.4730412,9.186466,19
"('Architettura', 'Arredo', 'Bagno', 'Product Design')",754,45.4730412,9.186466,121
"('Architettura', 'Arredo', 'Bagno', 'Cucina', 'Esterni', 'Moda', 'Food & beverage', 'Grafica', 'Living', 'Party', 'Product Design', 'Tecnologia')",955,45.4667453,9.1515938,5
"('Arredo', 'Cucina')",1261,45.4805798,9.1878224,6
"('Food & beverage',)",1522,45.4805798,9.1878224,25
"('Altro', 'Installazioni', 'Tecnologia')",958,45.4805798,9.1878224,5
"('Altro', 'Arte', 'Installazioni')",960,45.4885224,9.2197581,1
"('Architettura', 'Arredo', 'Arte', 'Product Design')",963,45.4726281,9.2098222,3
"('Arredo', 'Arte', 'Party')",969,45.4528874,9.166241,5
"('Architettura', 'Arredo', 'Arte', 'Esterni', 'Food & beverage', 'Installazioni', 'Party')",1300,45.4720985,9.1865812,24
"('Arredo', 'Arte', 'Illuminazione')",979,45.4654294,9.1859002,2
"('Architettura', 'Arredo', 'Arte', 'Product Design')",975,45.4765691,9.2032792,3
"('Altro', 'Arte')",981,45.4753967,9.2039113,1
"('Altro', 'Architettura', 'Arte', 'Installazioni')",982,45.4789273,9.2116443,7
"('Product Design',)",1059,45.4789273,9.2116443,9
"('Product Design',)",983,45.4712698,9.1952523,4
"('Arte', 'Illuminazione', 'Installazioni', 'Product Design', 'Tecnologia')",1000,45.4903964,9.1966155,9
"('Architettura', 'Arredo', 'Arte', 'Conferenze, workshop', 'Living', 'Materiali speciali')",1334,45.4621016,9.1744973,3
"('Architettura', 'Arredo', 'Conferenze, workshop', 'Cucina', 'Esterni', 'Installazioni', 'Living', 'Materiali speciali', 'Tecnologia')",987,45.4621016,9.1744973,17
"('Installazioni', 'Product Design')",1166,45.4734748,9.1850698,122
"('Arte', 'Moda', 'Food & beverage', 'Party')",989,45.4537331,9.1640107,3
"('Moda', 'Materiali speciali', 'Product Design', 'Tecnologia')",1484,45.4537331,9.1640107,2
"('Arte', 'Grafica', 'Installazioni')",990,45.4649457,9.1769766,3
"('Product Design',)",1023,45.4525439,9.2013605,6
"('Conferenze, workshop', 'Food & beverage', 'Grafica', 'Party', 'Product Design', 'Tecnologia')",1002,45.50686,9.15997,24
"('Architettura', 'Arte', 'Conferenze, workshop', 'Moda', 'Food & beverage', 'Grafica', 'Installazioni', 'Product Design', 'Tecnologia')",1038,45.5062482,9.1658406,1
"('Arte', 'Grafica', 'Illuminazione', 'Installazioni', 'Product Design')",1007,45.4514764,9.2144874,3
"('Architettura', 'Arredo', 'Cucina', 'Esterni', 'Illuminazione', 'Installazioni', 'Living', 'Product Design')",1009,45.4516697,9.1628374,31
"('Architettura', 'Arredo', 'Installazioni', 'Materiali speciali', 'Product Design')",1373,45.4516697,9.1628374,13
"('Architettura', 'Arte')",1010,45.4832141,9.2426231,5
"('Arredo', 'Food & beverage')",1012,45.46816,9.1950143,15
"('Architettura', 'Arredo', 'Installazioni', 'Materiali speciali', 'Product Design')",1022,45.4832864,9.1895612,29
"('Altro', 'Arte', 'Food & beverage', 'Party')",1105,45.4540783,9.1692729,9
"('Arredo', 'Arte')",1037,45.4827626,9.1833932,5
"('Arredo', 'Arte', 'Illuminazione')",1043,45.4718738,9.1885976,10
(),1326,45.4718738,9.1885976,3
"('Architettura', 'Arredo', 'Illuminazione', 'Installazioni', 'Living', 'Product Design')",1048,45.4654219,9.1859243,6
"('Architettura', 'Arredo', 'Illuminazione', 'Living', 'Product Design')",1296,45.4654219,9.1859243,1
"('Arte', 'Illuminazione', 'Product Design')",1065,45.4703289,9.1989297,1
"('Arredo', 'Arte', 'Installazioni', 'Living')",1070,45.4656924,9.2090392,2
"('Installazioni',)",1071,45.4534889,9.1810287,20
"('Food & beverage', 'Living', 'Product Design')",1078,45.457074,9.1632345,14
"('Architettura', 'Arte', 'Esterni', 'Food & beverage', 'Giochi, giocattoli', 'Party', 'Product Design')",1260,45.4762757,9.1829583,3
"('Product Design',)",725,45.4762757,9.1829583,10
"('Arredo', 'Installazioni', 'Product Design')",1088,45.4897162,9.1850952,17
"('Altro', 'Arte', 'Installazioni')",245,45.4855779,9.2039919,19
"('Arte', 'Cucina', 'Food & beverage', 'Installazioni', 'Product Design', 'Tecnologia')",1097,45.4497114,9.1746112,8
"('Architettura', 'Arredo', 'Arte', 'Moda', 'Food & beverage', 'Installazioni', 'Party', 'Product Design', 'Tecnologia')",1101,45.4850063,9.2469757,22
"('Arredo', 'Arte')",1102,45.4718738,9.1885976,5
"('Arte', 'Giochi, giocattoli', 'Product Design')",1206,45.4460151,9.1632884,9
"('Arredo', 'Arte', 'Moda', 'Food & beverage', 'Gioielli', 'Grafica', 'Illuminazione', 'Party', 'Product Design', 'Tecnologia')",1330,45.4831857,9.2424646,11
"('Arte',)",1112,45.4768907,9.183535,1
"('Arte',)",1111,45.4768907,9.183535,5
"('Arredo', 'Installazioni', 'Product Design')",1114,45.484072,9.2450387,4
"('Architettura', 'Arredo')",109,45.4729742,9.1926106,24
"('Architettura', 'Arredo', 'Living', 'Product Design')",833,45.4729742,9.1926106,21
"('Arredo', 'Moda', 'Living', 'Product Design')",891,45.4674588,9.1900112,12
"('Moda',)",1116,45.4539353,9.1689725,5
"('Arte', 'Tecnologia')",1117,45.4613492,9.1957768,9
"('Architettura', 'Arte', 'Esterni', 'Installazioni', 'Materiali speciali')",1281,45.4530783,9.160796,6
"('Arte', 'Esterni', 'Installazioni', 'Materiali speciali')",1159,45.4530783,9.160796,8
"('Moda', 'Party')",1121,45.4542914,9.180052,6
"('Arte', 'Living')",1125,45.4823862,9.1869123,8
"('Conferenze, workshop', 'Cucina', 'Food & beverage', 'Product Design')",1215,45.4423442,9.2126851,4
"('Arte',)",1144,45.457177,9.1755353,7
(),1135,45.459748,9.1797052,9
"('Architettura', 'Arte', 'Illuminazione', 'Installazioni', 'Living', 'Product Design')",1131,45.4671586,9.2134782,11
"('Arredo', 'Installazioni', 'Product Design')",1132,45.4763222,9.1896571,9
"('Conferenze, workshop', 'Materiali speciali', 'Tecnologia')",1142,45.4657623,9.1760651,1
"('Architettura', 'Product Design')",1146,45.4661171,9.1841168,1
"('Arredo', 'Living', 'Product Design')",1148,45.469452,9.2045796,10
"('Gioielli',)",1631,45.469452,9.2045796,1
"('Arte', 'Installazioni')",1290,45.4572789,9.1831731,1
"('Altro', 'Arte', 'Food & beverage', 'Installazioni')",1275,45.4626173,9.1834361,2
"('Product Design',)",1140,45.4644016,9.1811591,4
"('Arredo', 'Esterni')",1157,45.4656605,9.1804013,4
"('Altro', 'Architettura', 'Arredo', 'Moda', 'Grafica')",1186,45.4515837,9.1802343,1
"('Food & beverage', 'Party')",1167,45.4773631,9.2087592,7
"('Arte', 'Moda', 'Food & beverage', 'Party')",1174,45.4753944,9.1839473,7
"('Architettura', 'Arredo', 'Arte', 'Conferenze, workshop', 'Esterni', 'Moda', 'Installazioni', 'Living', 'Materiali speciali', 'Party', 'Product Design')",1169,45.4738466,9.1872451,5
"('Arte',)",1170,45.4727679,9.2023695,10
"('Altro', 'Architettura', 'Arte')",1204,45.4663592,9.1912448,2
"('Altro', 'Arredo', 'Cucina', 'Moda', 'Food & beverage', 'Giochi, giocattoli', 'Illuminazione', 'Living', 'Party', 'Product Design')",1190,45.4609179,9.1906039,6
"('Moda', 'Installazioni', 'Party')",1201,45.4738671,9.1834925,2
"('Arte', 'Party')",1158,45.4488161,9.1594586,5
"('Installazioni', 'Party', 'Product Design')",1216,45.4641386,9.1873706,8
"('Moda', 'Party')",1218,45.4598778,9.1906516,1
"('Illuminazione', 'Installazioni')",1453,45.4598778,9.1906516,67
"('Arredo', 'Illuminazione')",1222,45.4649231,9.1911083,5
"('Arredo', 'Living')",1392,45.468918,9.2071381,4
"('Arredo', 'Giochi, giocattoli', 'Living', 'Materiali speciali')",1237,45.467734,9.1637605,11
"('Arredo', 'Arte', 'Illuminazione', 'Materiali speciali')",1246,45.4511653,9.179896,7
"('Architettura', 'Arredo', 'Installazioni', 'Living', 'Materiali speciali', 'Product Design')",1243,45.4481578,9.205271,12
"('Arredo', 'Bagno', 'Food & beverage', 'Living', 'Party')",1241,45.4810653,9.2013946,7
"('Arte',)",1251,45.450869,9.1935409,24
"('Altro', 'Arte', 'Installazioni', 'Party')",1253,45.4466683,9.1551668,3
"('Arredo', 'Arte', 'Illuminazione', 'Installazioni', 'Living', 'Product Design')",1254,45.4791091,9.1792995,2
"('Architettura', 'Arredo', 'Arte', 'Cucina', 'Food & beverage', 'Living', 'Party', 'Product Design', 'Tecnologia')",1435,45.4674469,9.1982434,1
"('Architettura', 'Arredo', 'Esterni', 'Moda', 'Food & beverage', 'Installazioni', 'Living', 'Materiali speciali', 'Party', 'Product Design', 'Tecnologia')",1428,45.4674469,9.1982434,3
"('Altro', 'Architettura', 'Arredo', 'Cucina', 'Esterni', 'Food & beverage', 'Living', 'Materiali speciali', 'Product Design', 'Tecnologia')",1423,45.4674469,9.1982434,3
"('Architettura', 'Arredo', 'Grafica', 'Installazioni', 'Materiali speciali', 'Product Design')",1306,45.4516697,9.1628374,7
"('Altro', 'Living', 'Product Design', 'Tecnologia')",633,45.490477,9.215694,10
"('Architettura', 'Arredo', 'Arte', 'Cucina', 'Food & beverage', 'Installazioni', 'Party', 'Product Design')",1258,45.4686527,9.1965042,3
"('Illuminazione',)",1257,45.4668215,9.1983054,27
"('Architettura', 'Arredo', 'Arte', 'Bagno', 'Cucina', 'Living', 'Materiali speciali')",1331,45.4823853,9.2013632,5
"('Arredo', 'Cucina', 'Moda', 'Food & beverage', 'Illuminazione', 'Product Design')",1262,45.48405,9.24288,3
"('Architettura', 'Arte')",1263,45.44421,9.20537,37
"('Arredo', 'Living')",1567,45.461884,9.1816063,5
"('Altro', 'Moda', 'Party')",1264,45.461884,9.1816063,6
"('Altro', 'Arte', 'Moda', 'Giochi, giocattoli', 'Gioielli', 'Grafica', 'Product Design')",1266,45.48332,9.24245,13
"('Architettura', 'Arredo', 'Arte', 'Bagno', 'Moda', 'Living', 'Product Design')",1268,45.4697764,9.1955313,1
"('Architettura', 'Arredo', 'Moda')",1270,45.4507024,9.1579861,6
"('Moda', 'Gioielli', 'Product Design')",1272,45.4565863,9.1839363,1
"('Arredo', 'Arte', 'Product Design')",1273,45.4519871,9.2050853,4
"('Altro', 'Arte', 'Conferenze, workshop', 'Cucina', 'Moda', 'Gioielli', 'Grafica', 'Materiali speciali', 'Party')",1313,45.4826035,9.2425858,1
"('Arredo', 'Arte', 'Moda', 'Food & beverage', 'Giochi, giocattoli', 'Installazioni', 'Living', 'Product Design')",1278,45.4659588,9.1986881,3
"('Architettura', 'Arte', 'Installazioni', 'Materiali speciali', 'Party')",1279,45.4766971,9.1895921,4
"('Arte', 'Moda', 'Grafica', 'Installazioni', 'Materiali speciali')",1280,45.4644965,9.1963556,2
"('Altro', 'Arte', 'Conferenze, workshop', 'Esterni', 'Illuminazione', 'Installazioni')",1282,45.47926,9.18943,7
"('Arredo', 'Arte', 'Moda', 'Illuminazione', 'Living', 'Materiali speciali', 'Product Design')",1284,45.4740772,9.1951255,5
"('Arte', 'Food & beverage')",1288,45.4692467,9.2080857,4
"('Architettura', 'Arredo', 'Arte', 'Installazioni', 'Living')",1286,45.4539353,9.1689725,3
"('Architettura', 'Arredo')",1370,45.4539353,9.1689725,17
"('Moda',)",1287,45.45158,9.20318,5
"('Conferenze, workshop', 'Illuminazione', 'Product Design', 'Tecnologia')",1123,45.4817629,9.2412851,4
"('Altro', 'Architettura', 'Arredo', 'Arte', 'Bagno', 'Conferenze, workshop', 'Cucina', 'Moda', 'Gioielli', 'Installazioni', 'Living', 'Materiali speciali', 'Party', 'Product Design')",1293,45.4696744,9.1921978,6
"('Architettura', 'Arredo', 'Arte', 'Moda', 'Food & beverage', 'Installazioni', 'Living', 'Materiali speciali', 'Party', 'Product Design')",1297,45.4651047,9.198635,6
"('Architettura', 'Arredo', 'Arte', 'Esterni', 'Gioielli', 'Grafica', 'Installazioni', 'Product Design')",1298,45.4535417,9.1814202,1
"('Altro', 'Food & beverage', 'Party')",1302,45.4568458,9.1892709,3
"('Installazioni', 'Materiali speciali')",1310,45.452715,9.1867397,4
"('Moda', 'Product Design', 'Tecnologia')",1308,45.468126,9.1953602,6
"('Altro', 'Architettura', 'Arte', 'Esterni', 'Illuminazione', 'Materiali speciali', 'Party', 'Product Design')",1314,45.4539111,9.1582582,7
"('Moda', 'Gioielli')",553,45.4811386,9.1725318,4
"('Gioielli', 'Materiali speciali', 'Tecnologia')",1317,45.4881646,9.1872829,5
"('Arte', 'Installazioni')",1321,45.49323,9.22118,11
"('Arredo', 'Living', 'Party', 'Product Design')",1323,45.4533382,9.167567,8
"('Architettura', 'Arredo', 'Arte', 'Materiali speciali', 'Product Design')",1312,45.4691986,9.198422,3
(),1324,45.45329,9.16126,3
"('Arredo', 'Bagno', 'Food & beverage', 'Party')",1338,45.4798159,9.1947756,17
"('Arredo', 'Moda', 'Living', 'Party', 'Product Design', 'Tecnologia')",1337,45.4639772,9.1939764,2
"('Arredo', 'Illuminazione', 'Materiali speciali')",1346,45.4497114,9.1746112,6
"('Architettura',)",1520,45.4571652,9.1807779,1
"('Altro', 'Architettura', 'Arte')",1532,45.4571652,9.1807779,1
"('Altro', 'Architettura')",1552,45.4571652,9.1807779,1
"('Altro', 'Architettura')",1511,45.4571652,9.1807779,4
"('Installazioni', 'Living', 'Product Design')",1350,45.4781119,9.2181445,3
"('Architettura', 'Arredo', 'Arte', 'Materiali speciali')",1345,45.538352,9.2474002,11
"('Moda', 'Party', 'Product Design')",1366,45.4682844,9.1989759,5
"('Architettura', 'Arte')",1384,45.4566859,9.2084688,4
"('Altro', 'Arredo', 'Arte', 'Bagno', 'Conferenze, workshop', 'Cucina', 'Moda', 'Food & beverage', 'Illuminazione', 'Living', 'Product Design')",1390,45.450816,9.2061584,14
"('Architettura', 'Arredo', 'Arte', 'Food & beverage', 'Illuminazione')",1391,45.4632666,9.2005058,6
"('Arredo', 'Arte', 'Illuminazione', 'Installazioni', 'Living', 'Product Design')",1556,45.4573713,9.1880759,9
"('Illuminazione',)",1393,45.4573713,9.1880759,31
"('Arredo', 'Living', 'Party', 'Product Design')",1406,45.4614745,9.1905653,13
"('Architettura', 'Arredo', 'Food & beverage', 'Illuminazione', 'Living', 'Party', 'Product Design')",1420,45.4690843,9.1979178,5
"('Architettura', 'Arredo', 'Food & beverage', 'Grafica', 'Installazioni', 'Living', 'Party', 'Product Design')",1421,45.4648513,9.1979052,13
"('Altro', 'Architettura', 'Arredo', 'Arte', 'Esterni', 'Installazioni', 'Materiali speciali', 'Party', 'Product Design', 'Tecnologia')",1424,45.4637418,9.1984708,1
"('Altro',)",1429,45.4507024,9.1579861,2
(),1599,45.4507024,9.1579861,3
"('Arte', 'Grafica')",1431,45.4756262,9.2124556,1
"('Architettura', 'Arredo', 'Arte', 'Food & beverage', 'Party')",1441,45.4498268,9.1679536,1
"('Arredo', 'Arte', 'Moda', 'Food & beverage', 'Party', 'Product Design')",1464,45.4498268,9.1679536,4
"('Architettura', 'Arredo', 'Arte', 'Moda', 'Food & beverage', 'Installazioni', 'Party', 'Product Design')",1461,45.4498268,9.1679536,2
"('Illuminazione', 'Product Design')",1452,45.4712698,9.1952523,1
"('Arredo', 'Moda', 'Food & beverage', 'Party')",1460,45.4840601,9.1637652,11
"('Arte', 'Conferenze, workshop', 'Grafica', 'Installazioni', 'Materiali speciali')",1470,45.4805856,9.1668378,2
"('Product Design',)",1478,45.4654219,9.1859243,10
"('Arredo', 'Arte', 'Cucina', 'Moda', 'Living')",1482,45.4671449,9.1979536,2
"('Arredo',)",1483,45.4613031,9.1835653,2
"('Architettura', 'Moda', 'Food & beverage', 'Installazioni', 'Materiali speciali', 'Party', 'Product Design')",1485,45.4728094,9.1895784,3
"('Altro', 'Arredo', 'Illuminazione')",1487,45.4688547,9.1999536,26
"('Altro', 'Food & beverage')",1490,45.4865665,9.2064977,58
"('Food & beverage',)",1493,45.4752736,9.1852913,5
"('Altro', 'Arredo', 'Cucina', 'Installazioni')",1517,45.4577267,9.1726231,2
"('Arte', 'Moda', 'Grafica', 'Product Design')",1498,45.4966089,9.1134104,5
"('Architettura', 'Arredo', 'Arte', 'Moda', 'Gioielli', 'Grafica')",1534,45.4826458,9.2422616,10
"('Arte',)",1503,45.4409221,9.1634589,2
"('Arte', 'Moda', 'Gioielli')",1506,45.4869903,9.1845687,3
"('Arte',)",1507,45.4851147,9.2461658,5
(),1510,45.4675603,9.214117,1
"('Cucina', 'Food & beverage', 'Party')",1515,45.445789,9.213158,7
"('Altro', 'Architettura', 'Arredo', 'Arte', 'Conferenze, workshop', 'Moda', 'Gioielli', 'Illuminazione', 'Installazioni', 'Living', 'Materiali speciali', 'Party', 'Product Design')",1430,45.4659761,9.2315958,8
"('Giochi, giocattoli', 'Installazioni', 'Product Design')",1524,45.4444092,9.1957876,4
"('Architettura', 'Installazioni', 'Product Design')",1529,45.4688638,9.1814372,4
"('Cucina', 'Food & beverage', 'Living', 'Product Design')",1537,45.4509074,9.1712743,1
"('Party',)",1540,45.4642811,9.174866,11
"('Moda', 'Gioielli')",1545,45.469828,9.1851697,1
"('Food & beverage', 'Party')",1579,45.4866779,9.1866738,7
"('Conferenze, workshop',)",1550,45.4840638,9.2447871,1
"('Arte',)",1558,45.48405,9.24296,7
"('Architettura',)",1561,45.4619777,9.1866322,1
"('Altro', 'Arredo', 'Arte', 'Cucina', 'Esterni', 'Moda', 'Food & beverage', 'Gioielli', 'Grafica')",1602,45.4497004,9.1745035,4
"('Architettura', 'Arredo', 'Arte', 'Illuminazione', 'Installazioni')",1563,45.4406752,9.1547035,1
"('Arredo', 'Arte', 'Moda', 'Gioielli', 'Grafica', 'Installazioni')",1565,45.4764388,9.2076443,3
"('Architettura', 'Conferenze, workshop', 'Installazioni')",1584,45.5144341,9.2290247,2
"('Arte', 'Food & beverage')",1382,45.4511252,9.1539703,14
"('Food & beverage',)",1586,45.4679345,9.1857032,3
"('Conferenze, workshop',)",1585,45.4679345,9.1857032,2
"('Food & beverage',)",1589,45.457074,9.1632345,9
"('Conferenze, workshop',)",1591,45.4553953,9.162575,2
"('Arredo', 'Moda', 'Installazioni', 'Party')",1595,45.4812041,9.1873343,1
"('Moda', 'Installazioni')",1601,45.4813161,9.1870909,2
"('Food & beverage',)",1604,45.4631845,9.1342411,7
"('Arredo', 'Living', 'Party')",1605,45.4645863,9.1930181,3
"('Arredo',)",1292,45.4529865,9.1659464,28
"('Arredo', 'Living', 'Product Design')",707,45.4723263,9.1847888,29
"('Arredo', 'Giochi, giocattoli', 'Product Design')",664,45.4535803,9.1621007,51
"('Product Design',)",108,45.4676541,9.2063538,37
"('Altro', 'Architettura', 'Grafica', 'Living', 'Product Design', 'Tecnologia')",723,45.4697074,9.1843046,49
"('Architettura', 'Illuminazione', 'Installazioni', 'Party', 'Product Design')",904,45.4668515,9.1995489,60
"('Architettura', 'Arredo', 'Illuminazione', 'Living', 'Product Design')",980,45.471807,9.1736961,24
"('Bagno', 'Installazioni')",1120,45.471807,9.1736961,1
"('Architettura', 'Living', 'Product Design')",1214,45.471807,9.1736961,8
"('Arredo', 'Arte', 'Product Design')",1050,45.471807,9.1736961,10
"('Arte', 'Food & beverage', 'Product Design', 'Tecnologia')",1171,45.471807,9.1736961,23
"('Product Design',)",1046,45.471807,9.1736961,19
"('Arte', 'Product Design')",1580,45.471807,9.1736961,7
"('Arredo', 'Cucina', 'Food & beverage', 'Illuminazione', 'Installazioni', 'Product Design')",1151,45.460064,9.205907,113
"('Arredo', 'Food & beverage', 'Gioielli', 'Illuminazione', 'Product Design')",828,45.4829034,9.1834614,44
"('Arredo', 'Bagno', 'Esterni', 'Living', 'Product Design')",821,45.474881,9.187224,22
"('Arte',)",995,45.4657007,9.1720901,12
"('Altro', 'Architettura', 'Arredo', 'Arte', 'Living', 'Product Design')",820,45.4714159,9.1842753,7
"('Altro', 'Arredo', 'Arte')",824,45.4715744,9.1851313,3
"('Altro', 'Arredo')",890,45.4721046,9.1863623,10
"('Altro', 'Arredo')",548,45.4721046,9.1863623,24
"('Installazioni',)",860,45.4510823,9.1600817,86
"('Arredo', 'Bagno', 'Cucina', 'Living', 'Product Design')",797,45.4748584,9.1870063,74
"('Arredo', 'Arte', 'Illuminazione', 'Installazioni', 'Product Design')",1197,45.4748584,9.1870063,1
"('Arredo',)",882,45.481075,9.186792,9
"('Altro', 'Moda', 'Grafica', 'Installazioni', 'Materiali speciali', 'Tecnologia')",966,45.484195,9.24298,23
"('Altro', 'Illuminazione', 'Installazioni', 'Materiali speciali', 'Product Design', 'Tecnologia')",972,45.484195,9.24298,6
"('Altro', 'Arredo', 'Installazioni', 'Materiali speciali', 'Product Design', 'Tecnologia')",970,45.484195,9.24298,6
"('Altro', 'Architettura', 'Arredo', 'Arte', 'Grafica', 'Illuminazione', 'Installazioni', 'Product Design')",965,45.484195,9.24298,56
(),1011,45.484195,9.24298,14
"('Altro', 'Arredo', 'Illuminazione', 'Installazioni', 'Materiali speciali', 'Product Design')",974,45.484195,9.24298,20
"('Arredo', 'Illuminazione', 'Product Design')",628,45.48377,9.243725,21
"('Arredo', 'Illuminazione', 'Installazioni', 'Product Design')",945,45.483634,9.24379,8
"('Altro', 'Arredo', 'Installazioni', 'Living', 'Product Design')",942,45.483634,9.24379,19
(),944,45.483634,9.24379,15
"('Architettura', 'Arredo', 'Cucina', 'Living', 'Product Design', 'Tecnologia')",746,45.47744,9.18451,48
"('Architettura', 'Arredo', 'Arte', 'Cucina', 'Installazioni', 'Product Design', 'Tecnologia')",872,45.47744,9.18451,6
"('Cucina',)",1198,45.47744,9.18451,24
"('Altro', 'Arredo')",819,45.4690817,9.1869369,6
"('Altro',)",668,45.453299,9.167165,39
"('Arredo', 'Materiali speciali', 'Product Design')",558,45.453299,9.167165,8
"('Arredo', 'Living')",1375,45.45287,9.166804,22
"('Arredo',)",656,45.45323,9.165557,22
"('Altro', 'Arredo', 'Installazioni', 'Product Design')",976,45.484185,9.242797,14
"('Architettura', 'Arredo', 'Arte', 'Esterni', 'Living', 'Tecnologia')",737,45.47505,9.186299,10
"('Altro', 'Arredo')",720,45.4696002,9.1835282,27
"('Architettura', 'Arredo', 'Living', 'Product Design')",814,45.4689526,9.1862607,8
(),822,45.471575,9.186072,3
"('Arredo', 'Arte', 'Esterni', 'Illuminazione', 'Product Design')",756,45.474881,9.187224,14
"('Tecnologia',)",581,45.45149,9.162278,142
(),1371,45.4516093,9.162278,46
"('Product Design',)",1448,45.45149,9.162278,61
"('Esterni', 'Moda', 'Food & beverage', 'Living', 'Party')",1029,45.452683,9.173438,50
"('Arte', 'Moda', 'Food & beverage', 'Living', 'Party')",1025,45.452683,9.173438,33
"('Arredo', 'Arte', 'Moda', 'Food & beverage', 'Gioielli', 'Illuminazione', 'Installazioni', 'Living', 'Party', 'Product Design')",1621,45.452683,9.173438,6
"('Architettura', 'Arredo', 'Esterni', 'Installazioni', 'Product Design')",1407,45.473602,9.195083,26
"('Architettura', 'Arredo', 'Esterni', 'Living', 'Product Design')",749,45.469803,9.18716,2
"('Product Design',)",659,45.4516093,9.162211,37
"('Architettura', 'Arredo', 'Conferenze, workshop', 'Installazioni', 'Living')",999,45.46944,9.177622,11
"('Arredo', 'Product Design')",788,45.472118,9.186466,5
"('Arredo', 'Cucina', 'Food & beverage', 'Product Design')",728,45.471932,9.182062,10
"('Altro', 'Architettura', 'Arredo', 'Arte', 'Cucina', 'Living', 'Product Design', 'Tecnologia')",743,45.4729321,9.1874223,19
"('Arredo', 'Cucina', 'Food & beverage', 'Illuminazione', 'Living', 'Materiali speciali', 'Product Design')",615,45.480502,9.185941,12
"('Arredo', 'Arte', 'Cucina', 'Illuminazione', 'Living', 'Materiali speciali', 'Product Design')",1205,45.480502,9.185941,5
"('Arredo', 'Cucina', 'Living')",830,45.480502,9.185941,12
"('Altro', 'Grafica')",626,45.452488,9.16513,64
"('Altro', 'Architettura', 'Arredo', 'Arte', 'Illuminazione', 'Living')",713,45.474492,9.187107,69
"('Installazioni', 'Product Design', 'Tecnologia')",1419,45.451225,9.160838,181
"('Installazioni', 'Party', 'Product Design')",1239,45.468941,9.18103,62
"('Arte', 'Moda', 'Food & beverage', 'Party')",1357,45.464425,9.16663,5
"('Arte', 'Moda', 'Food & beverage', 'Party')",1358,45.464425,9.16663,15
"('Moda', 'Food & beverage', 'Party', 'Product Design')",1356,45.464425,9.16663,2
"('Arredo', 'Conferenze, workshop', 'Food & beverage', 'Gioielli', 'Illuminazione', 'Installazioni', 'Living', 'Tecnologia')",985,45.464425,9.16663,85
"('Food & beverage',)",1347,45.464425,9.16663,82
"('Conferenze, workshop', 'Installazioni', 'Tecnologia')",1351,45.464425,9.16663,15
"('Illuminazione', 'Installazioni', 'Product Design', 'Tecnologia')",1349,45.464425,9.16663,22
"('Esterni', 'Moda', 'Food & beverage', 'Party')",1354,45.464425,9.16663,3
"('Moda', 'Food & beverage', 'Party', 'Product Design')",1355,45.464425,9.16663,4
"('Esterni', 'Food & beverage', 'Party', 'Product Design')",1353,45.464425,9.16663,10
"('Illuminazione', 'Product Design')",722,45.471955,9.18542,110
"('Architettura', 'Arredo', 'Arte', 'Installazioni', 'Living', 'Materiali speciali', 'Party', 'Product Design')",1255,45.472778,9.184788,9
"('Altro', 'Architettura', 'Arredo', 'Arte', 'Installazioni', 'Living', 'Materiali speciali', 'Party', 'Product Design')",652,45.472778,9.184788,10
"('Arredo', 'Arte', 'Living', 'Product Design')",700,45.472778,9.184788,12
"('Arredo', 'Cucina')",775,45.47012,9.182595,40
"('Altro', 'Conferenze, workshop')",1265,45.476605,9.190471,17
(),1223,45.453908,9.163139,93
"('Party', 'Product Design')",1056,45.459812,9.191629,12
"('Arredo', 'Party', 'Product Design')",1152,45.459812,9.191629,7
"('Arte', 'Moda', 'Product Design')",711,45.478733,9.18544,19
"('Altro', 'Architettura', 'Arredo', 'Living', 'Product Design')",750,45.4692504,9.1868595,8
"('Architettura', 'Arredo', 'Cucina')",1295,45.4671105,9.201375,18
(),1462,45.4604794,9.194434,10
"('Architettura', 'Installazioni')",1436,45.4604794,9.194434,8
"('Installazioni',)",1437,45.4604794,9.194434,33
"('Altro', 'Installazioni')",1426,45.4604794,9.194434,18
"('Architettura', 'Installazioni', 'Product Design')",1476,45.4604794,9.194434,5
"('Arredo', 'Installazioni', 'Product Design')",1456,45.4604794,9.194434,22
"('Architettura', 'Installazioni', 'Tecnologia')",1425,45.4604794,9.194434,9
"('Installazioni',)",1475,45.4604794,9.194434,5
"('Illuminazione', 'Installazioni')",1474,45.4604794,9.194434,10
"('Architettura', 'Installazioni')",1432,45.4604794,9.194434,5
"('Arredo', 'Cucina', 'Food & beverage', 'Party', 'Product Design')",1412,45.473615,9.1950837,13
"('Architettura', 'Arte')",1414,45.460342,9.1941298,31
"('Esterni',)",1344,45.4630272,9.1748902,26
"('Altro',)",1236,45.4630272,9.1748902,5
"('Architettura', 'Esterni')",1343,45.4630272,9.1748902,2
"('Architettura', 'Arredo', 'Living', 'Product Design')",1362,45.4656812,9.2029051,37
"('Altro',)",593,45.4552487,9.1676286,26
"('Altro', 'Grafica', 'Living', 'Product Design')",1015,45.4840991,9.245126,16
"('Altro', 'Architettura', 'Arredo', 'Arte', 'Grafica', 'Illuminazione', 'Installazioni', 'Living', 'Materiali speciali', 'Product Design', 'Tecnologia')",1182,45.4840991,9.245126,36
(),1188,45.4840991,9.245126,24
"('Living', 'Product Design')",800,45.4724574,9.1852365,5
"('Arte', 'Food & beverage', 'Gioielli', 'Product Design')",752,45.4718754,9.1860375,28
"('Arredo', 'Illuminazione', 'Living', 'Product Design')",809,45.4799033,9.1833335,12
"('Product Design',)",991,45.4647274,9.1980568,22
"('Arredo', 'Product Design')",729,45.4695652,9.1845089,8
"('Arte', 'Food & beverage', 'Product Design')",721,45.473379,9.1879902,15
"('Architettura', 'Living', 'Product Design')",829,45.4719635,9.1820691,46
"('Arredo', 'Esterni', 'Living', 'Product Design')",759,45.4734896,9.1895863,34
"('Altro', 'Food & beverage', 'Grafica', 'Product Design')",695,45.4786399,9.1882675,49
"('Arredo', 'Illuminazione', 'Living')",726,45.4792855,9.1861382,12
"('Arredo', 'Illuminazione', 'Installazioni', 'Product Design')",962,45.4840151,9.2429341,25
"('Arredo', 'Cucina', 'Illuminazione', 'Installazioni', 'Living', 'Product Design')",947,45.4840151,9.2429341,15
"('Altro', 'Illuminazione', 'Installazioni', 'Product Design', 'Tecnologia')",964,45.4840151,9.2429341,6
"('Altro', 'Arredo', 'Grafica', 'Installazioni', 'Materiali speciali', 'Product Design')",946,45.4840151,9.2429341,17
"('Altro', 'Installazioni', 'Product Design')",1018,45.4817774,9.2456798,26
"('Altro', 'Arredo', 'Arte', 'Illuminazione', 'Installazioni', 'Materiali speciali', 'Product Design')",1057,45.4817774,9.2456798,14
"('Altro', 'Arredo', 'Arte', 'Grafica', 'Installazioni', 'Product Design')",977,45.4817082,9.2456139,7
"('Altro', 'Grafica', 'Installazioni', 'Materiali speciali', 'Product Design')",978,45.4817082,9.2456139,20
"('Altro', 'Arte', 'Grafica', 'Product Design')",832,45.4769859,9.1885234,11
"('Tecnologia',)",589,45.4527291,9.1679637,81
"('Arredo', 'Cucina')",757,45.4755914,9.1872906,27
"('Arredo', 'Installazioni', 'Living', 'Party', 'Product Design')",1127,45.452618,9.1654245,10
"('Arredo', 'Product Design')",559,45.452618,9.1654245,15
"('Illuminazione',)",577,45.4542375,9.1634581,46
"('Arredo', 'Living', 'Product Design')",697,45.4716868,9.1860151,62
"('Architettura', 'Arredo', 'Arte', 'Installazioni', 'Living', 'Product Design')",1252,45.4716868,9.1860151,22
"('Materiali speciali', 'Product Design')",669,45.4517569,9.1627973,73
"('Arredo', 'Arte', 'Product Design')",1202,45.4517569,9.1627973,19
"('Architettura', 'Arredo', 'Arte', 'Bagno', 'Cucina', 'Esterni', 'Installazioni', 'Materiali speciali', 'Party', 'Product Design')",665,45.4640737,9.180712,18
"('Moda', 'Food & beverage', 'Living', 'Party')",1028,45.4522928,9.2525646,38
"('Architettura', 'Arredo', 'Living', 'Product Design')",685,45.4751614,9.1871318,17
"('Arredo',)",870,45.4751614,9.1871318,1
(),1133,45.4751614,9.1871318,5
"('Arredo', 'Illuminazione', 'Living', 'Product Design')",40,45.4751614,9.1871318,30
"('Arredo', 'Arte', 'Food & beverage', 'Gioielli', 'Product Design')",689,45.475559,9.187918,20
"('Architettura', 'Arredo', 'Materiali speciali', 'Product Design')",709,45.4748153,9.1871265,35
"('Architettura', 'Arredo', 'Product Design')",993,45.4690363,9.1647773,25
"('Altro', 'Conferenze, workshop', 'Cucina', 'Esterni', 'Food & beverage', 'Installazioni', 'Living', 'Party', 'Product Design')",1185,45.4840442,9.2444895,56
"('Food & beverage',)",1364,45.4840442,9.2444895,58
"('Arredo', 'Arte', 'Illuminazione', 'Living')",765,45.4691164,9.1864263,29
"('Altro', 'Architettura', 'Living')",773,45.4680504,9.1920634,32
"('Architettura', 'Esterni', 'Materiali speciali', 'Tecnologia')",566,45.4680504,9.1920634,18
"('Altro', 'Conferenze, workshop', 'Installazioni')",600,45.4523287,9.1644082,88
"('Altro', 'Architettura', 'Arredo', 'Esterni', 'Living', 'Materiali speciali', 'Product Design')",753,45.4762926,9.1857187,12
"('Architettura', 'Arredo', 'Living', 'Product Design')",772,45.4701728,9.1848165,4
"('Food & beverage', 'Party')",34,45.4580652,9.179615,35
"('Architettura', 'Arredo', 'Cucina', 'Living', 'Product Design')",718,45.4770412,9.1853578,8
"('Altro', 'Architettura', 'Bagno', 'Grafica', 'Illuminazione', 'Living')",815,45.4728743,9.1885136,8
"('Arte', 'Product Design')",751,45.4754694,9.1870442,9
"('Arredo',)",599,45.4531297,9.1672573,15
"('Arredo',)",598,45.4531297,9.1672573,43
"('Arte', 'Installazioni', 'Product Design')",1481,45.4622772,9.1844453,69
"('Arredo', 'Bagno', 'Food & beverage', 'Living', 'Product Design', 'Tecnologia')",745,45.46884,9.18499,20
"('Arte', 'Illuminazione', 'Installazioni')",1455,45.4598778,9.1906516,15
(),64,45.4598778,9.1906516,78
"('Living', 'Product Design')",622,45.4727586,9.1964477,8
"('Moda',)",578,45.45304,9.1714735,25
(),1327,45.45304,9.1714735,5
"('Architettura', 'Arredo', 'Moda', 'Illuminazione', 'Living', 'Product Design')",727,45.4747301,9.1927563,19
"('Product Design', 'Tecnologia')",719,45.47087,9.18348,21
"('Arredo', 'Arte', 'Grafica')",810,45.4781906,9.1882699,6
"('Altro', 'Architettura', 'Bagno', 'Esterni')",717,45.4745038,9.188312,3
"('Product Design',)",716,45.47206,9.18607,13
"('Arredo', 'Arte', 'Gioielli', 'Illuminazione', 'Living')",714,45.47007,9.19164,13
"('Arredo',)",590,45.4514698,9.1725561,83
"('Altro', 'Arte', 'Installazioni')",612,45.4724846,9.1838066,10
"('Grafica',)",629,45.4531742,9.1709032,42
"('Arredo', 'Cucina')",658,45.4531742,9.1709032,6
"('Materiali speciali',)",657,45.4537785,9.1629472,41
"('Installazioni', 'Product Design')",674,45.4517289,9.1627945,51
"('Arredo', 'Living')",1381,45.4517647,9.1632869,4
"('Architettura', 'Installazioni', 'Living', 'Materiali speciali', 'Tecnologia')",1077,45.4517647,9.1632869,18
"('Arredo', 'Living', 'Tecnologia')",1383,45.4517647,9.1632869,7
"('Arredo', 'Illuminazione', 'Living', 'Tecnologia')",1173,45.4517647,9.1632869,1
"('Product Design', 'Tecnologia')",1177,45.4517647,9.1632869,4
"('Arredo', 'Living')",1388,45.4517647,9.1632869,1
"('Architettura', 'Arredo', 'Tecnologia')",1181,45.4517647,9.1632869,3
"('Installazioni',)",1045,45.4517647,9.1632869,10
"('Arredo', 'Living', 'Tecnologia')",1086,45.4517647,9.1632869,5
"('Illuminazione', 'Installazioni', 'Product Design')",28,45.4517647,9.1632869,121
"('Arredo', 'Illuminazione', 'Installazioni', 'Living', 'Product Design', 'Tecnologia')",930,45.4517647,9.1632869,3
(),1397,45.4517647,9.1632869,4
"('Arredo', 'Living', 'Tecnologia')",1083,45.4517647,9.1632869,3
"('Arredo', 'Living', 'Tecnologia')",1395,45.4517647,9.1632869,2
"('Arredo', 'Living', 'Tecnologia')",1400,45.4517647,9.1632869,1
"('Arredo', 'Installazioni', 'Living')",1401,45.4517647,9.1632869,2
"('Arredo', 'Living', 'Tecnologia')",1081,45.4517647,9.1632869,13
"('Materiali speciali', 'Product Design', 'Tecnologia')",1318,45.4517647,9.1632869,16
"('Arredo', 'Living', 'Tecnologia')",1403,45.4517647,9.1632869,2
"('Architettura',)",579,45.4517647,9.1632869,66
"('Living', 'Materiali speciali', 'Tecnologia')",1193,45.4517647,9.1632869,1
"('Cucina',)",106,45.4517647,9.1632869,19
"('Illuminazione', 'Installazioni', 'Living', 'Tecnologia')",1191,45.4517647,9.1632869,7
"('Arredo', 'Living', 'Tecnologia')",1085,45.4517647,9.1632869,19
"('Arredo', 'Living', 'Product Design', 'Tecnologia')",1405,45.4517647,9.1632869,1
"('Arredo', 'Illuminazione', 'Living', 'Product Design', 'Tecnologia')",1409,45.4517647,9.1632869,2
"('Arredo', 'Living', 'Tecnologia')",1526,45.4517647,9.1632869,14
"('Architettura', 'Esterni', 'Materiali speciali')",243,45.4517647,9.1632869,8
"('Arredo', 'Living', 'Tecnologia')",1196,45.4517647,9.1632869,5
"('Arte', 'Living', 'Tecnologia')",1210,45.4517647,9.1632869,5
"('Giochi, giocattoli',)",1544,45.4517647,9.1632869,4
"('Arredo', 'Living', 'Tecnologia')",1410,45.4517647,9.1632869,1
"('Giochi, giocattoli', 'Living', 'Product Design', 'Tecnologia')",1361,45.4517647,9.1632869,5
"('Installazioni', 'Product Design', 'Tecnologia')",610,45.4517647,9.1632869,5
"('Arredo', 'Living', 'Materiali speciali', 'Tecnologia')",1087,45.4517647,9.1632869,21
"('Materiali speciali',)",1110,45.4517647,9.1632869,19
"('Arredo', 'Living', 'Tecnologia')",1089,45.4517647,9.1632869,15
"('Arredo', 'Cucina', 'Living', 'Tecnologia')",1413,45.4517647,9.1632869,2
"('Arredo', 'Living', 'Tecnologia')",1416,45.4517647,9.1632869,1
"('Materiali speciali', 'Product Design', 'Tecnologia')",1427,45.4517647,9.1632869,1
"('Arredo', 'Living', 'Tecnologia')",1527,45.4517647,9.1632869,14
(),1434,45.4517647,9.1632869,1
"('Arte',)",1242,45.4517647,9.1632869,9
"('Arredo', 'Installazioni', 'Living', 'Party', 'Product Design')",868,45.4517647,9.1632869,20
"('Arredo', 'Living', 'Tecnologia')",1486,45.4517647,9.1632869,2
"('Arredo', 'Arte', 'Moda', 'Living')",1352,45.4517647,9.1632869,1
"('Grafica',)",1380,45.4517647,9.1632869,30
"('Living', 'Product Design', 'Tecnologia')",1488,45.4517647,9.1632869,2
"('Arredo', 'Illuminazione', 'Living')",1491,45.4517647,9.1632869,18
"('Arredo', 'Living', 'Tecnologia')",1232,45.4517647,9.1632869,3
"('Arredo', 'Living', 'Tecnologia')",1231,45.4517647,9.1632869,3
"('Architettura', 'Arredo', 'Living', 'Materiali speciali', 'Tecnologia')",1074,45.4517647,9.1632869,70
"('Arredo', 'Living')",1389,45.4517647,9.1632869,1
"('Arredo', 'Living', 'Tecnologia')",1207,45.4517647,9.1632869,2
"('Arredo', 'Living', 'Tecnologia')",1387,45.4517647,9.1632869,2
"('Cucina', 'Food & beverage', 'Materiali speciali')",32,45.4517647,9.1632869,119
"('Arredo', 'Living', 'Tecnologia')",1080,45.4517647,9.1632869,32
"('Arredo', 'Living', 'Tecnologia')",1372,45.4517647,9.1632869,2
"('Arredo', 'Living', 'Materiali speciali')",1240,45.4517647,9.1632869,5
"('Product Design', 'Tecnologia')",1385,45.4517647,9.1632869,23
"('Arredo', 'Living', 'Tecnologia')",1626,45.4517647,9.1632869,1
"('Living', 'Tecnologia')",1178,45.4524277,9.1671696,14
"('Installazioni', 'Tecnologia')",1305,45.4524277,9.1671696,4
"('Altro', 'Living', 'Product Design')",1333,45.4524277,9.1671696,7
"('Cucina', 'Moda', 'Living')",1365,45.4524277,9.1671696,19
"('Arredo', 'Bagno', 'Grafica', 'Installazioni', 'Living', 'Materiali speciali', 'Product Design')",1180,45.4754356,9.1826485,14
"('Arredo', 'Grafica', 'Living', 'Product Design')",826,45.4754356,9.1826485,56
"('Arredo', 'Bagno', 'Product Design')",887,45.4602729,9.2062757,9
"('Installazioni',)",895,45.4527416,9.1647171,86
"('Altro', 'Arredo', 'Living', 'Product Design')",903,45.478749,9.1854494,4
"('Altro', 'Arredo')",769,45.4782556,9.1818843,4
"('Moda', 'Illuminazione')",770,45.4771328,9.187785,31
"('Arte',)",776,45.46853,9.18616,30
"('Altro',)",777,45.4754241,9.1845611,6
"('Altro', 'Arredo', 'Esterni', 'Moda', 'Food & beverage', 'Product Design')",778,45.48098,9.18691,12
"('Altro', 'Arredo', 'Illuminazione')",779,45.4723593,9.1850931,5
"('Arredo', 'Bagno', 'Illuminazione', 'Living', 'Product Design')",780,45.4693438,9.1882173,18
"('Architettura', 'Arredo', 'Product Design')",782,45.4702375,9.1850016,22
"('Arredo', 'Cucina', 'Illuminazione', 'Product Design', 'Tecnologia')",762,45.4681682,9.1891432,7
"('Altro', 'Arredo', 'Arte', 'Gioielli', 'Grafica', 'Living', 'Product Design')",763,45.4721321,9.1836137,3
"('Architettura', 'Arredo', 'Living', 'Product Design')",764,45.4685216,9.1838358,3
"('Architettura', 'Product Design')",766,45.4761223,9.1858068,16
"('Arredo', 'Bagno', 'Product Design')",784,45.4748153,9.1871265,21
"('Architettura', 'Arredo', 'Living', 'Product Design')",785,45.4794376,9.1856305,14
"('Arte', 'Product Design')",786,45.4673593,9.1858262,39
"('Arredo', 'Food & beverage', 'Installazioni', 'Living', 'Party', 'Product Design')",1418,45.4813131,9.191727,5
"('Arredo', 'Living', 'Product Design')",787,45.4813131,9.191727,25
"('Architettura', 'Arredo', 'Arte', 'Conferenze, workshop', 'Food & beverage', 'Grafica', 'Installazioni', 'Living', 'Party', 'Product Design')",1294,45.4813131,9.191727,8
"('Arredo', 'Esterni', 'Living', 'Product Design')",789,45.472338,9.1864182,36
"('Altro', 'Architettura', 'Arte', 'Moda', 'Product Design')",791,45.4791864,9.1860926,23
"('Architettura', 'Arredo', 'Bagno', 'Cucina', 'Living', 'Product Design')",792,45.4748459,9.1832329,31
"('Altro', 'Architettura', 'Living', 'Product Design')",795,45.4654219,9.1859243,28
"('Cucina',)",798,45.4728008,9.1871505,19
"('Arredo', 'Illuminazione', 'Living', 'Product Design')",799,45.4714562,9.1848642,5
"('Grafica', 'Product Design')",801,45.4752736,9.1852913,3
"('Arredo', 'Living', 'Product Design')",804,45.4827626,9.1833932,14
"('Arredo', 'Bagno', 'Living')",806,45.4771748,9.1861521,29
"('Architettura', 'Arredo', 'Arte', 'Installazioni', 'Living', 'Materiali speciali', 'Product Design', 'Tecnologia')",1536,45.4771748,9.1861521,1
"('Altro', 'Architettura', 'Product Design')",811,45.4806729,9.1964779,84
"('Altro', 'Tecnologia')",816,45.4793654,9.1869845,16
"('Food & beverage',)",818,45.478628,9.1882898,54
"('Architettura', 'Arredo', 'Grafica', 'Product Design')",823,45.4714562,9.1848642,5
"('Arredo', 'Esterni', 'Living', 'Product Design')",831,45.4695491,9.1867512,3
"('Arredo', 'Moda', 'Product Design')",684,45.4710069,9.1844202,13
"('Arredo', 'Product Design')",686,45.4686382,9.1915023,10
"('Architettura', 'Product Design')",690,45.4721368,9.1839158,14
"('Altro', 'Architettura', 'Arredo', 'Living', 'Product Design')",691,45.4716588,9.1856902,11
"('Architettura', 'Arredo', 'Cucina', 'Grafica', 'Illuminazione', 'Living', 'Product Design')",692,45.4766991,9.1861849,15
"('Arredo', 'Living', 'Product Design')",694,45.4704565,9.1875381,8
"('Arredo', 'Living', 'Product Design')",696,45.4734238,9.184785,9
"('Arredo', 'Product Design')",1053,45.47998,9.19006,18
"('Arredo', 'Product Design')",698,45.47998,9.19006,56
"('Altro', 'Arredo', 'Living', 'Product Design', 'Tecnologia')",704,45.4717915,9.1861611,24
"('Altro', 'Architettura', 'Arredo', 'Gioielli', 'Illuminazione', 'Living', 'Product Design')",705,45.4814255,9.1882961,27
"('Arredo', 'Esterni', 'Illuminazione', 'Living', 'Product Design')",706,45.4683122,9.1840027,20
"('Arredo', 'Cucina', 'Living', 'Product Design')",708,45.4748209,9.1868156,28
"('Conferenze, workshop', 'Product Design')",1035,45.4748209,9.1868156,3
"('Architettura', 'Arredo', 'Living', 'Product Design')",710,45.4723593,9.1850931,11
"('Altro', 'Moda', 'Gioielli', 'Illuminazione')",730,45.4781605,9.1884523,15
"('Arredo', 'Arte', 'Product Design')",731,45.4734809,9.1880089,10
"('Arredo', 'Product Design')",733,45.472513,9.1855901,1
"('Esterni', 'Living', 'Product Design')",738,45.4730412,9.186466,6
"('Altro', 'Arredo', 'Bagno', 'Cucina', 'Living', 'Tecnologia')",740,45.4703588,9.1864982,37
"('Architettura', 'Arredo', 'Living', 'Product Design', 'Tecnologia')",742,45.478749,9.1854494,6
"('Cucina', 'Living', 'Tecnologia')",744,45.4745038,9.188312,19
"('Arredo', 'Product Design')",748,45.4754241,9.1845611,5
"('Arredo', 'Arte')",761,45.4697063,9.1867206,16
"('Moda',)",760,45.4753648,9.1854814,13
"('Altro', 'Architettura', 'Product Design')",755,45.47058,9.18363,6
"('Product Design',)",1004,45.45342,9.1648,34
"('Altro', 'Arredo', 'Installazioni', 'Materiali speciali', 'Product Design')",1020,45.4842225,9.2452732,3
"('Altro', 'Arredo', 'Installazioni', 'Materiali speciali', 'Product Design')",1021,45.4842225,9.2452732,13
"('Moda', 'Food & beverage', 'Living', 'Party')",1030,45.48707,9.23607,19
"('Arte', 'Moda', 'Food & beverage', 'Living', 'Party')",1027,45.48707,9.23607,21
"('Altro', 'Arredo', 'Arte', 'Esterni', 'Installazioni', 'Product Design', 'Tecnologia')",1049,45.4819818,9.2491725,65
"('Altro', 'Arredo', 'Illuminazione', 'Installazioni', 'Living', 'Product Design')",1051,45.4842945,9.2424976,17
"('Architettura', 'Grafica', 'Installazioni', 'Party', 'Tecnologia')",1108,45.4842945,9.2424976,17
"('Living', 'Product Design')",805,45.4654219,9.1859243,10
"('Architettura', 'Arredo', 'Living', 'Product Design')",739,45.4719867,9.188147,35
"('Altro', 'Arredo', 'Cucina', 'Esterni', 'Installazioni', 'Materiali speciali', 'Product Design')",1134,45.4719867,9.188147,6
"('Altro', 'Arredo', 'Arte', 'Materiali speciali', 'Product Design')",702,45.4696002,9.1835282,34
"('Arredo', 'Product Design')",682,45.4722352,9.1850716,9
"('Arredo', 'Living', 'Product Design')",796,45.4750291,9.1864601,5
"('Arredo', 'Esterni')",845,45.4750291,9.1864601,2
"('Altro', 'Conferenze, workshop', 'Cucina', 'Food & beverage', 'Living', 'Product Design')",1099,45.4598852,9.1756544,18
"('Illuminazione', 'Product Design')",901,45.4752736,9.1852913,12
"('Grafica',)",1154,45.453653,9.1721375,103
"('Cucina', 'Installazioni')",667,45.4537785,9.1629472,43
(),1192,45.4655675,9.1997484,29
"('Food & beverage', 'Installazioni')",662,45.4527115,9.1656418,149
"('Installazioni',)",1209,45.4516697,9.1628374,48
"('Materiali speciali',)",672,45.45383,9.1629,53
"('Arredo', 'Arte', 'Grafica')",1221,45.4573508,9.1809623,1
(),1230,45.4516697,9.1628374,23
(),1233,45.4516697,9.1628374,11
"('Altro',)",661,45.4516697,9.1628374,35
"('Arredo', 'Illuminazione', 'Living', 'Product Design')",1322,45.4516697,9.1628374,3
(),1234,45.4516697,9.1628374,12
"('Arredo', 'Living', 'Product Design')",1211,45.4649218,9.1976842,3
"('Product Design',)",699,45.4830905,9.1832996,190
"('Arredo', 'Arte', 'Party', 'Product Design', 'Tecnologia')",1316,45.45253,9.18577,1
"('Architettura', 'Arredo', 'Installazioni', 'Living', 'Product Design')",1342,45.4522017,9.1831142,18
"('Altro', 'Arredo')",1378,45.4516697,9.1628374,16
"('Product Design',)",1379,45.4516697,9.1628374,21
"('Arredo', 'Living', 'Materiali speciali', 'Party')",1523,45.4783862,9.1817454,4
"('Installazioni',)",1438,45.4601012,9.194516,23
"('Product Design',)",1285,45.4710693,9.1844009,5
"('Architettura', 'Product Design', 'Tecnologia')",1463,45.4601501,9.1945482,13
"('Arredo', 'Product Design')",1467,45.4601351,9.1945268,7
"('Altro',)",1466,45.4601351,9.1945268,8
(),1471,45.4601727,9.194575,5
"('Installazioni',)",1472,45.4601614,9.1945375,17
"('Illuminazione', 'Living', 'Product Design', 'Tecnologia')",1447,45.4724958,9.1876391,25
"('Arredo', 'Living', 'Product Design')",1489,45.4710683,9.1931905,8
"('Grafica',)",1497,45.4654219,9.1859243,27
"('Food & beverage',)",1521,45.4687692,9.1842792,17
"('Arredo', 'Illuminazione', 'Living', 'Product Design')",768,45.4829908,9.1833586,15
"('Arredo', 'Living', 'Product Design')",735,45.475264,9.1855538,129
"('Arredo',)",596,45.451,9.160395,52
"('Architettura', 'Arredo', 'Bagno', 'Cucina', 'Illuminazione', 'Living', 'Product Design')",683,45.476621,9.185656,63
"('Installazioni',)",1446,45.472478,9.188674,28
"('Arredo', 'Esterni', 'Product Design')",1450,45.472478,9.188674,15
"('Architettura', 'Arredo', 'Grafica', 'Living', 'Tecnologia')",817,45.4806832,9.186715,39
"('Bagno', 'Cucina', 'Product Design', 'Tecnologia')",724,45.4778411,9.1881534,32
"('Architettura', 'Arredo', 'Arte', 'Bagno', 'Cucina', 'Living', 'Product Design', 'Tecnologia')",736,45.4713538,9.182552,11
"('Architettura', 'Arredo', 'Arte', 'Bagno', 'Cucina', 'Living', 'Materiali speciali', 'Party', 'Product Design')",1017,45.4713538,9.182552,5
"('Architettura', 'Arredo', 'Arte', 'Moda', 'Living', 'Product Design')",802,45.4731321,9.1916239,66
"('Arredo', 'Cucina', 'Food & beverage', 'Illuminazione', 'Living', 'Party', 'Product Design', 'Tecnologia')",1226,45.4655381,9.1645672,18
"('Architettura', 'Arredo', 'Living', 'Product Design')",688,45.4770009,9.1886253,27
"('Architettura', 'Arredo', 'Esterni', 'Living', 'Product Design')",100,45.4770009,9.1886253,64
"('Architettura', 'Arredo', 'Illuminazione', 'Living', 'Product Design')",715,45.4770009,9.1886253,20
"('Altro', 'Architettura', 'Arredo', 'Bagno', 'Illuminazione', 'Living', 'Product Design')",712,45.4779792,9.1890166,26
"('Architettura', 'Arredo', 'Bagno', 'Illuminazione', 'Party', 'Product Design')",101,45.4779792,9.1890166,13
"('Arredo',)",625,45.4507024,9.1579861,54
"('Arredo', 'Living', 'Product Design')",790,45.47117,9.18514,15
"('Architettura', 'Living', 'Product Design', 'Tecnologia')",701,45.47029,9.18781,31
"('Bagno', 'Product Design')",703,45.47272,9.18664,34
"('Architettura', 'Arredo', 'Esterni', 'Illuminazione', 'Living')",732,45.4721368,9.1839158,8
"('Product Design',)",825,45.4830341,9.1833532,139
"('Altro', 'Esterni', 'Installazioni')",1235,45.47458,9.204085,10
"('Arredo', 'Arte', 'Esterni', 'Installazioni', 'Materiali speciali', 'Party', 'Product Design')",1399,45.47458,9.204085,8
"('Arredo', 'Arte', 'Installazioni', 'Living', 'Product Design')",79,45.4841525,9.2413344,28
"('Architettura', 'Arredo', 'Esterni', 'Grafica', 'Illuminazione', 'Living', 'Materiali speciali', 'Product Design')",1620,45.4596372,9.1797034,2
"('Food & beverage',)",1624,45.4634375,9.1872281,6
"('Arte',)",1612,45.4688036,9.171419,1
"('Moda', 'Gioielli')",1613,45.4788302,9.1845444,3
"('Architettura', 'Arredo', 'Esterni', 'Food & beverage', 'Materiali speciali', 'Party', 'Product Design')",1618,45.4709593,9.2066018,9
"('Arredo', 'Living', 'Product Design')",1615,45.4671664,9.1834535,3
"('Food & beverage', 'Grafica', 'Party')",1622,45.4878393,9.1890398,1
"('Altro', 'Arredo', 'Conferenze, workshop', 'Giochi, giocattoli', 'Illuminazione', 'Installazioni', 'Living', 'Party', 'Tecnologia')",1623,45.4522732,9.1823861,6
"('Altro', 'Arte', 'Conferenze, workshop', 'Installazioni', 'Materiali speciali', 'Product Design')",1633,45.4866297,9.1887132,2
"('Arte',)",1636,45.46696,9.194366,2
"('Arredo',)",1634,45.4518153,9.1760435,2
(),1638,45.4537215,9.1625376,25
"('Arredo', 'Arte', 'Moda', 'Gioielli', 'Materiali speciali')",1639,45.4624151,9.1744899,2
"('Arte', 'Moda')",1640,45.4624151,9.1744899,1
(),1642,45.4596615,9.1793833,21
"('Materiali speciali', 'Product Design')",1643,45.4410546,9.2057135,84
"('Arredo', 'Living', 'Materiali speciali', 'Product Design')",1644,45.4577283,9.1832468,17
"('Altro', 'Arte', 'Installazioni', 'Materiali speciali')",1647,45.4765665,9.217424,1
"('Arredo', 'Arte', 'Installazioni')",1648,45.4660736,9.2021529,84
"('Architettura', 'Arredo', 'Arte', 'Bagno', 'Cucina', 'Esterni', 'Illuminazione', 'Living')",1649,45.4536292,9.1682489,1
"('Architettura', 'Arredo', 'Arte', 'Living', 'Materiali speciali')",1651,45.4574529,9.1916373,3
"('Altro', 'Arredo', 'Living')",1650,45.474478,9.1835085,1
"('Arredo', 'Arte', 'Cucina', 'Food & beverage', 'Installazioni', 'Party')",1652,45.4157954,9.2401305,4
"('Installazioni',)",1653,45.4726541,9.186198,12
"('Product Design',)",1654,45.4637059,9.1861316,5
"('Arte',)",1655,45.46587,9.18373,7
(),1656,45.466733,9.187186,2
"('Arredo', 'Product Design')",1657,45.4672793,9.1869646,3
(),1658,45.4562858,9.1601623,6
"('Architettura', 'Arredo', 'Illuminazione', 'Installazioni', 'Party', 'Product Design')",1660,45.4637832,9.196994,2
"('Arredo', 'Moda', 'Installazioni', 'Product Design')",1659,45.4533796,9.1678477,2
"('Party',)",1663,45.4738848,9.2426587,5
"('Arte', 'Gioielli', 'Grafica', 'Installazioni', 'Materiali speciali', 'Product Design')",1494,45.7128923,9.084831,1
"('Arredo', 'Arte', 'Living', 'Product Design')",1341,45.4644041,9.1811545,1
